id,country,iso3,latitude,longitude,centroid,role,displacement_type,qualifier,figure,displacement_date,displacement_start_date,displacement_end_date,year,event_id,event_name,event_codes,event_code_types,event_start_date,event_end_date,category,subcategory,type,subtype,old_id,sources,source_url,locations_name,locations_coordinates,locations_accuracy,locations_type,displacement_occurred,created_at,description,link,combined_type
,#country+name,#country+iso3,#geo+lat,#geo+lon,,,#event+displacement_type,#total,#affected+displaced,#date+displacement,#date+displacement+start,#date+displacement+end,#date+year,,#event+name,,,#date+event+start,#date+event+end,,,#event+type,#event+subtype,,,,,,,,,#date+created,#description,#meta+url,#cause
193339,Palestine,PSE,31.43317,34.37793,"[31.43317, 34.37793]",Recommended figure,Conflict,total,60056,2025-09-23,2025-09-21,2025-09-23,2025,30896,Palestine:  International armed conflict (IAC) (Hostilities Gaza/Israel) - Gaza Strip - 01/01/2025,,,2025-01-01,2025-12-31,,,,,,Site Management Cluster - Palestine,https://www.cccmcluster.org/sites/default/files/2025-09/Population%20Movement%20Monitoring%20-%20Flash%20Update%2030%20-%2020%20-23%20%20Sep%20.pdf,"Gaza Strip, Palestinian Territories","31.43317, 34.37793",Point,Origin,Displacement without preventive evacuations reported,2025-09-24T14:02:49.949648Z,"Palestine: 60,056 displacements, 21 September - 23 September. International armed conflict (iac) resulted in a total of 60,056 displacements in the Gaza Strip, Palestinian Territories between 21 and 23 September, according to the Site Management Cluster Palestine.",https://www.cccmcluster.org/sites/default/files/2025-09/Population%20Movement%20Monitoring%20-%20Flash%20Update%2030%20-%2020%20-23%20%20Sep%20.pdf,Conflict
193324,Palestine,PSE,31.43317,34.37793,"[31.43317, 34.37793]",Recommended figure,Conflict,total,81621,2025-09-20,2025-09-18,2025-09-20,2025,30896,Palestine:  International armed conflict (IAC) (Hostilities Gaza/Israel) - Gaza Strip - 01/01/2025,,,2025-01-01,2025-12-31,,,,,,Site Management Cluster - Palestine,https://www.cccmcluster.org/sites/default/files/2025-09/Population%20Movement%20Monitoring%20-%20Flash%20Update%2029%20-%2017%20-20%20%20Sep.pdf,"Gaza Strip, Palestinian Territories","31.43317, 34.37793",Point,Origin,Displacement without preventive evacuations reported,2025-09-24T13:23:37.831971Z,"Palestine: 81,621 displacements, 18 September - 20 September. International armed conflict (iac) resulted in a total of 81621 displacements in the Gaza Strip, Palestinian Territories between 18 and 20 September, according to the Site Management Cluster Palestine.",https://www.cccmcluster.org/sites/default/files/2025-09/Population%20Movement%20Monitoring%20-%20Flash%20Update%2029%20-%2017%20-20%20%20Sep.pdf,Conflict
193321,Palestine,PSE,31.43317,34.37793,"[31.43317, 34.37793]",Recommended figure,Conflict,total,55589,2025-09-17,2025-09-15,2025-09-17,2025,30896,Palestine:  International armed conflict (IAC) (Hostilities Gaza/Israel) - Gaza Strip - 01/01/2025,,,2025-01-01,2025-12-31,,,,,,Site Management Cluster - Palestine,https://www.cccmcluster.org/sites/default/files/2025-09/Population%20Movement%20Monitoring%20-%20Flash%20Update%2028%20-%2014%20-17%20%20Sep.pdf,"Gaza Strip, Palestinian Territories","31.43317, 34.37793",Point,Origin,Displacement without preventive evacuations reported,2025-09-24T13:13:37.247411Z,"Palestine: 55,589 displacements, 15 September - 17 September. A total of 55,589 people were displaced due to international armed conflict (iac) between 15 and 17 September in Gaza Strip, Palestinian Territories, according to clusters and consortias.",https://www.cccmcluster.org/sites/default/files/2025-09/Population%20Movement%20Monitoring%20-%20Flash%20Update%2028%20-%2014%20-17%20%20Sep.pdf,Conflict
193320,Palestine,PSE,31.43317,34.37793,"[31.43317, 34.37793]",Recommended figure,Conflict,total,68826,2025-09-14,2025-09-11,2025-09-14,2025,30896,Palestine:  International armed conflict (IAC) (Hostilities Gaza/Israel) - Gaza Strip - 01/01/2025,,,2025-01-01,2025-12-31,,,,,,Site Management Cluster - Palestine,https://www.cccmcluster.org/sites/default/files/2025-09/Population%20Movement%20Monitoring%20-%20Flash%20Update%2027%20-%20September%2010%20-14%20.pdf,"Gaza Strip, Palestinian Territories","31.43317, 34.37793",Point,Origin,Displacement without preventive evacuations reported,2025-09-24T13:07:34.880368Z,"Palestine: 68,826 displacements, 11 September - 14 September. International armed conflict (iac) resulted in a total of 68,826 people being displaced in Gaza Strip, Palestinian Territories between 11 September and 14 September, according to Shelter Cluster Palestine.",https://www.cccmcluster.org/sites/default/files/2025-09/Population%20Movement%20Monitoring%20-%20Flash%20Update%2027%20-%20September%2010%20-14%20.pdf,Conflict
191918,Palestine,PSE,31.43317,34.37793,"[31.43317, 34.37793]",Recommended figure,Conflict,total,25333,2025-09-10,2025-09-08,2025-09-10,2025,30896,Palestine:  International armed conflict (IAC) (Hostilities Gaza/Israel) - Gaza Strip - 01/01/2025,,,2025-01-01,2025-12-31,,,,,,Site Management Cluster - Palestine,https://www.cccmcluster.org/sites/default/files/2025-09/Population%20Movement%20Monitoring%20-%20Flash%20Update%2026%20-%2007%20-10%20%20Sep%202.pdf,"Gaza Strip, Palestinian Territories","31.43317, 34.37793",Point,Origin,Displacement without preventive evacuations reported,2025-09-12T07:52:58.272089Z,"Palestine: 25,333 displacements, 08 September - 10 September. A total of 25333 people were displaced due to international armed conflict (iac) on 8 September in Gaza Strip, Palestinian Territories, according to Shelter Cluster Palestine",https://www.cccmcluster.org/sites/default/files/2025-09/Population%20Movement%20Monitoring%20-%20Flash%20Update%2026%20-%2007%20-10%20%20Sep%202.pdf,Conflict
191541,Palestine,PSE,31.43317,34.37793,"[31.43317, 34.37793]",Recommended figure,Conflict,total,20893,2025-09-07,2025-09-01,2025-09-07,2025,30896,Palestine:  International armed conflict (IAC) (Hostilities Gaza/Israel) - Gaza Strip - 01/01/2025,,,2025-01-01,2025-12-31,,,,,,Site Management Cluster - Palestine,https://www.cccmcluster.org/sites/default/files/2025-09/Population%20Movement%20Monitoring%20-%20Flash%20Update%2025%20-%2031%20Aug%20-%2007%20Sep.pdf,"Gaza Strip,  Palestinian Territories","31.43317, 34.37793",Point,Origin,Displacement without preventive evacuations reported,2025-09-08T08:29:47.544096Z,"Palestine: 20,893 displacements, 01 September - 07 September. International armed conflict (iac) resulted in a total of 20,893 people being displaced in Gaza Strip, Palestinian Territories between 1 September and 7 September, according to Shelter Cluster Palestine",https://www.cccmcluster.org/sites/default/files/2025-09/Population%20Movement%20Monitoring%20-%20Flash%20Update%2025%20-%2031%20Aug%20-%2007%20Sep.pdf,Conflict
192631,Palestine,PSE,32.318062,35.056252,"[32.318062, 35.056252]",Recommended figure,Conflict,total,106,2025-09-01,2025-09-01,2025-09-01,2025,31145,Palestine: International armed conflict (IAC) - West Bank - 01/01/2025,,,2025-01-01,2025-12-31,,,,,,Office for the Coordination of Humanitarian Affairs (OCHA),https://reliefweb.int/report/occupied-palestinian-territory/humanitarian-situation-update-320-west-bank-enarhe,"Nur Shams Refugee camp, Tulkarm Governorate, Judea and Samaria, Palestinian Territories","32.318062, 35.056252",County/City/town/Village/Woreda (ADM3),Origin,Displacement without preventive evacuations reported,2025-09-16T01:18:37.971416Z,"Palestine: 106 displacements, 01 September - 01 September. A total of 21 households were displaced due to communal violence on 1 September in Nur Shams Refugee camp, Tulkarm Governorate, according to Office for the Coordination of Humanitarian Affairs (OCHA).",https://reliefweb.int/report/occupied-palestinian-territory/humanitarian-situation-update-320-west-bank-enarhe,Conflict
191547,Palestine,PSE,32.318062,35.056252,"[32.318062, 35.056252]",Recommended figure,Conflict,approximately,106,2025-09-01,2025-09-01,2025-09-01,2025,31145,Palestine: International armed conflict (IAC) - West Bank - 01/01/2025,,,2025-01-01,2025-12-31,,,,,,Office for the Coordination of Humanitarian Affairs (OCHA),https://reliefweb.int/report/occupied-palestinian-territory/humanitarian-situation-update-320-west-bank,"Nur Shams Refugee camp, Tulkarm Governorate, Judea and Samaria, Palestinian Territories","32.318062, 35.056252",County/City/town/Village/Woreda (ADM3),Origin,Displacement without preventive evacuations reported,2025-09-08T09:03:42.762557Z,"Palestine: 106 displacements (evacuated), 01 September - 01 September. According to Office for the Coordination of Humanitarian Affairs (OCHA), approximately 21 households (106 people) were ordered to evacuate by Israeli Forces in Nur Shams Refugee camp, Tulkarm Governorate, Palestinian Territories due to international armed conflict (iac) on 1 September",https://reliefweb.int/report/occupied-palestinian-territory/humanitarian-situation-update-320-west-bank,Conflict
191540,Palestine,PSE,31.43317,34.37793,"[31.43317, 34.37793]",Recommended figure,Conflict,total,23319,2025-08-31,2025-08-28,2025-08-31,2025,30896,Palestine:  International armed conflict (IAC) (Hostilities Gaza/Israel) - Gaza Strip - 01/01/2025,,,2025-01-01,2025-12-31,,,,,,Site Management Cluster - Palestine,https://www.cccmcluster.org/sites/default/files/2025-08/Population%20Movement%20Monitoring%20Flash%20Update%20-%2027-31%20Aug%202025%20_1.pdf,"Gaza Strip, Gaza Strip, Palestinian Territories","31.43317, 34.37793",Point,Origin,Displacement without preventive evacuations reported,2025-09-08T08:23:43.172328Z,"Palestine: 23,319 displacements, 28 August - 31 August. According to Shelter Cluster Palestine, a total of 23,319 people were displaced in Gaza Strip, Gaza Strip, Palestinian Territories due to international armed conflict (iac) between 28 August and 31 August.",https://www.cccmcluster.org/sites/default/files/2025-08/Population%20Movement%20Monitoring%20Flash%20Update%20-%2027-31%20Aug%202025%20_1.pdf,Conflict
192638,Palestine,PSE,31.95352,35.300442,"[31.95352, 35.300442]",Recommended figure,Conflict,total,17,2025-08-27,2025-08-27,2025-08-27,2025,33204,Palestine: Communal violence - Ramallah - 03/06/2025,,,2025-06-03,2025-08-27,,,,,,Office for the Coordination of Humanitarian Affairs (OCHA),https://reliefweb.int/report/occupied-palestinian-territory/humanitarian-situation-update-320-west-bank-enarhe,"Taybeh, West Bank, Palestinian Territories","31.95352, 35.300442",County/City/town/Village/Woreda (ADM3),Origin,Displacement without preventive evacuations reported,2025-09-16T01:24:16.695265Z,"Palestine: 17 displacements, 27 August - 27 August. Communal violence resulted in a total of 17 people being displaced in Taybeh, West Bank, Palestinian Territories on 27 August, according to Office for the Coordination of Humanitarian Affairs (OCHA).",https://reliefweb.int/report/occupied-palestinian-territory/humanitarian-situation-update-320-west-bank-enarhe,Conflict
190960,Palestine,PSE,31.43317,34.37793,"[31.43317, 34.37793]",Recommended figure,Conflict,total,24049,2025-08-27,2025-08-25,2025-08-27,2025,30896,Palestine:  International armed conflict (IAC) (Hostilities Gaza/Israel) - Gaza Strip - 01/01/2025,,,2025-01-01,2025-12-31,,,,,,Site Management Cluster - Palestine,https://www.cccmcluster.org/sites/default/files/2025-08/Population%20Movement%20Monitoring%20IOM%20Ad-Hoc%2027Aug%206.pdf,"Gaza Strip, Palestinian Territories","31.43317, 34.37793",Point,Origin,Displacement without preventive evacuations reported,2025-08-28T13:49:37.807894Z,"Palestine: 24,049 displacements, 25 August - 27 August. A total of 24,049 people were displaced due to international armed conflict (iac) between 25 August and August 27 in the Gaza Strip, Palestinian Territories, according to Shelter Cluster, Palestine",https://www.cccmcluster.org/sites/default/files/2025-08/Population%20Movement%20Monitoring%20IOM%20Ad-Hoc%2027Aug%206.pdf,Conflict
190877,Palestine,PSE,31.43317,34.37793,"[31.43317, 34.37793]",Recommended figure,Conflict,total,12810,2025-08-24,2025-08-21,2025-08-24,2025,30896,Palestine:  International armed conflict (IAC) (Hostilities Gaza/Israel) - Gaza Strip - 01/01/2025,,,2025-01-01,2025-12-31,,,,,,Site Management Cluster - Palestine,https://www.cccmcluster.org/sites/default/files/2025-08/Population%20Movement%20Monitoring%20-%20Flash%20Update%20-%2020-24%20Aug.pdf,"Gaza Strip, Palestinian Territories","31.43317, 34.37793",Point,Origin,Displacement without preventive evacuations reported,2025-08-26T14:06:42.830616Z,"Palestine: 12,810 displacements, 21 August - 24 August. A total of 12810 people were displaced due to international armed conflict (iac) between 21 August and 24 August in Gaza Strip, Palestinian Territories, according to Shelter Cluster - Palestine",https://www.cccmcluster.org/sites/default/files/2025-08/Population%20Movement%20Monitoring%20-%20Flash%20Update%20-%2020-24%20Aug.pdf,Conflict
191919,Palestine,PSE,31.611019,35.22443,"[31.611019, 35.22443]",Recommended figure,Conflict,total,34,2025-08-21,2025-08-21,2025-08-21,2025,32956,Palestine: Communal violence - Jericho - 02/07/2025,,,2025-07-02,2025-07-03,,,,,,Office for the Coordination of Humanitarian Affairs (OCHA),https://reliefweb.int/report/occupied-palestinian-territory/humanitarian-situation-update-318-west-bank-enarhe,"Kisan, West Bank, Palestinian Territories","31.611019, 35.22443",County/City/town/Village/Woreda (ADM3),Origin,Displacement without preventive evacuations reported,2025-09-12T08:14:06.876068Z,"Palestine: 34 displacements, 21 August - 21 August. A total of 34 people were displaced due to communal violence (attack by armed Israeli settlers) on 21 August in Kisan, West Bank, Palestinian Territories, according to Office for the Coordination of Humanitarian Affairs (OCHA).",https://reliefweb.int/report/occupied-palestinian-territory/humanitarian-situation-update-318-west-bank-enarhe,Conflict
190227,Palestine,PSE,31.43317,34.37793,"[31.43317, 34.37793]",Recommended figure,Conflict,total,15981,2025-08-20,2025-08-13,2025-08-20,2025,30896,Palestine:  International armed conflict (IAC) (Hostilities Gaza/Israel) - Gaza Strip - 01/01/2025,,,2025-01-01,2025-12-31,,,,,,Site Management Cluster - Palestine,https://www.cccmcluster.org/sites/default/files/2025-08/Population%20Movement%20Monitoring%20Flash%20Update%20-%2012-%2020%20Aug.pdf,"Gaza Strip, Palestinian Territories","31.43317, 34.37793",Point,Origin,Displacement without preventive evacuations reported,2025-08-21T06:24:10.233194Z,"Palestine: 15,981 displacements, 13 August - 20 August. According to clusters and consortias, a total of 15,981 people were displaced in Gaza Strip, Palestinian Territories due to international armed conflict (iac) between 13 August and 20 August.",https://www.cccmcluster.org/sites/default/files/2025-08/Population%20Movement%20Monitoring%20Flash%20Update%20-%2012-%2020%20Aug.pdf,Conflict
192624,Palestine,PSE,31.906851,35.194401,"[31.906851, 35.194401]",Recommended figure,Conflict,total,100,2025-08-10,2025-08-10,2025-08-10,2025,33198,Palestine: Communal violence - Ramallah - 09/08/2025,,,2025-08-09,2025-08-10,,,,,,Office for the Coordination of Humanitarian Affairs (OCHA),https://reliefweb.int/report/occupied-palestinian-territory/humanitarian-situation-update-314-west-bank-enarhe,"Ramallah, Ramallah and al-Bireh Governorate, Palestinian Territories","31.906851, 35.194401",County/City/town/Village/Woreda (ADM3),Origin,Displacement without preventive evacuations reported,2025-09-16T01:11:53.968845Z,"Palestine: 100 displacements, 10 August - 10 August. According to Office for the Coordination of Humanitarian Affairs (OCHA), a total of 100 people were displaced in Ramallah, Ramallah and al-Bireh Governorate, Palestinian Territories due to communal violence on 10 August",https://reliefweb.int/report/occupied-palestinian-territory/humanitarian-situation-update-314-west-bank-enarhe,Conflict
189584,Palestine,PSE,31.46242,34.27496,"[31.46242, 34.27496]",Recommended figure,Conflict,total,12530,2025-08-12,2025-07-30,2025-08-12,2025,30896,Palestine:  International armed conflict (IAC) (Hostilities Gaza/Israel) - Gaza Strip - 01/01/2025,,,2025-01-01,2025-12-31,,,,,,Site Management Cluster - Palestine,https://www.cccmcluster.org/sites/default/files/2025-08/Population%20Movement%20Monitoring%20IOM%2025%204.pdf,"Gaza Strip, Palestinian Territories","31.46242, 34.27496",District/Zone/Department (ADM2),Origin,Displacement without preventive evacuations reported,2025-08-12T22:00:43.103372Z,"Palestine: 12,530 displacements, 30 July - 12 August. A total of 12,530 people were displaced due to international armed conflict (iac) between July 30 and August 12 in Gaza Strip, Palestinian Territories, according to the Site Management Cluster - Palestine.",https://www.cccmcluster.org/sites/default/files/2025-08/Population%20Movement%20Monitoring%20IOM%2025%204.pdf,Conflict
192617,Palestine,PSE,31.707121,35.206589,"[31.707121, 35.206589]",Recommended figure,Conflict,total,27,2025-07-30,2025-07-30,2025-07-30,2025,33196,Palestine: Communal violence - Bethlehem - 30/07/2025,,,2025-07-30,2025-07-30,,,,,,Office for the Coordination of Humanitarian Affairs (OCHA),https://reliefweb.int/report/occupied-palestinian-territory/humanitarian-situation-update-312-west-bank-enarhe,"Bethlehem, West Bank, Palestinian Territories; Bethlehem, West Bank, Palestinian Territories","31.707121, 35.206589; 31.707121, 35.206589",County/City/town/Village/Woreda (ADM3); County/City/town/Village/Woreda (ADM3),Origin; Destination,Displacement without preventive evacuations reported,2025-09-16T01:03:13.765689Z,"Palestine: 27 displacements, 30 July - 30 July. A total of 27 people were displaced due to communal violence on 30 July in Bethlehem, West Bank, Palestinian Territories, according to Office for the Coordination of Humanitarian Affairs (OCHA).",https://reliefweb.int/report/occupied-palestinian-territory/humanitarian-situation-update-312-west-bank-enarhe,Conflict
188595,Palestine,PSE,31.43317,34.37793,"[31.43317, 34.37793]",Recommended figure,Conflict,total,5235,2025-07-29,2025-07-23,2025-07-29,2025,30896,Palestine:  International armed conflict (IAC) (Hostilities Gaza/Israel) - Gaza Strip - 01/01/2025,,,2025-01-01,2025-12-31,,,,,,Site Management Cluster - Palestine,https://reliefweb.int/report/occupied-palestinian-territory/population-movement-monitoring-weekly-update-24,"Gaza Strip,  Palestinian Territories","31.43317, 34.37793",Point,Origin,Displacement without preventive evacuations reported,2025-07-29T15:21:09.122695Z,"Palestine: 5,235 displacements, 23 July - 29 July. A total of 5235 people were displaced due to international armed conflict (iac) between 23 and 29 July in Gaza Strip, Palestinian Territories, according to the Site Management Cluster - Palestine.",https://reliefweb.int/report/occupied-palestinian-territory/population-movement-monitoring-weekly-update-24,Conflict
188059,Palestine,PSE,31.43317,34.37793,"[31.43317, 34.37793]",Recommended figure,Conflict,total,25238,2025-07-22,2025-07-16,2025-07-22,2025,30896,Palestine:  International armed conflict (IAC) (Hostilities Gaza/Israel) - Gaza Strip - 01/01/2025,,,2025-01-01,2025-12-31,,,,,,Site Management Cluster - Palestine,https://www.cccmcluster.org/sites/default/files/2025-07/Population%20Movement%20Monitoring%2023_3.pdf,"Gaza Strip, Palestinian Territories","31.43317, 34.37793",Point,Origin,Displacement without preventive evacuations reported,2025-07-24T13:09:56.608396Z,"Palestine: 25,238 displacements, 16 July - 22 July. International armed conflict (iac) resulted in a total of 25,238 people being displaced in Gaza Strip, Palestinian Territories between 16 July and 22 Julz, according to the Site Management Cluster - Palestine",https://www.cccmcluster.org/sites/default/files/2025-07/Population%20Movement%20Monitoring%2023_3.pdf,Conflict
188016,Palestine,PSE,31.43317,34.37793,"[31.43317, 34.37793]",Recommended figure,Conflict,total,11662,2025-07-15,2025-07-09,2025-07-15,2025,30896,Palestine:  International armed conflict (IAC) (Hostilities Gaza/Israel) - Gaza Strip - 01/01/2025,,,2025-01-01,2025-12-31,,,,,,Site Management Cluster - Palestine,https://www.cccmcluster.org/sites/default/files/2025-07/Population%20Movement%20Monitoring%20IOM%2022.pdf,"Gaza Strip, Palestinian Territories","31.43317, 34.37793",Point,Origin,Displacement without preventive evacuations reported,2025-07-23T11:07:27.496276Z,"Palestine: 11,662 displacements, 09 July - 15 July. International armed conflict (iac) resulted in a total of 11,662 people being displaced in the Gaza Strip, Palestinian Territories between 9 July and 15 July, according to the Site Management Custer - Palestine.",https://www.cccmcluster.org/sites/default/files/2025-07/Population%20Movement%20Monitoring%20IOM%2022.pdf,Conflict
187313,Palestine,PSE,31.43317,34.37793,"[31.43317, 34.37793]",Recommended figure,Conflict,total,11681,2025-07-08,2025-07-02,2025-07-08,2025,30896,Palestine:  International armed conflict (IAC) (Hostilities Gaza/Israel) - Gaza Strip - 01/01/2025,,,2025-01-01,2025-12-31,,,,,,Site Management Cluster - Palestine,https://www.cccmcluster.org/where-we-work/occupied-palestinian-territory,"Gaza Strip, Palestinian Territories","31.43317, 34.37793",Point,Origin,Displacement without preventive evacuations reported,2025-07-10T14:33:49.278023Z,"Palestine: 11,681 displacements, 02 July - 08 July. A total of 45553 people were displaced due to international armed conflict (iac) between 2 July and8 July in the Gaza Strip, Palestinian Territories, according to Shelter Cluster - Palestine",https://www.cccmcluster.org/where-we-work/occupied-palestinian-territory,Conflict
191806,Palestine,PSE,31.86565,35.457241,"[31.86565, 35.457241]",Recommended figure,Conflict,approximately,120,2025-07-03,2025-07-02,2025-07-03,2025,32956,Palestine: Communal violence - Jericho - 02/07/2025,,,2025-07-02,2025-07-03,,,,,,Office for the Coordination of Humanitarian Affairs (OCHA),https://reliefweb.int/report/occupied-palestinian-territory/humanitarian-situation-update-303-west-bank-enarhe,"Jericho, Jericho Governorate, Judea and Samaria, Palestinian Territories","31.86565, 35.457241",County/City/town/Village/Woreda (ADM3),Origin,Displacement without preventive evacuations reported,2025-09-10T11:59:20.751874Z,"Palestine: 120 displacements, 02 July - 03 July. According to Office for the Coordination of Humanitarian Affairs (OCHA), approximately 120 people were displaced in Jericho, due to communal violence between 2 and 3 July.",https://reliefweb.int/report/occupied-palestinian-territory/humanitarian-situation-update-303-west-bank-enarhe,Conflict
189518,Palestine,PSE,32.1908,35.32328,"[32.1908, 35.32328]",Recommended figure,Conflict,total,22,2025-06-30,2025-06-30,2025-06-30,2025,31145,Palestine: International armed conflict (IAC) - West Bank - 01/01/2025,,,2025-01-01,2025-12-31,,,,,,Office for the Coordination of Humanitarian Affairs (OCHA),https://demolition.ochaopt.org/login.aspx,"Nablus Governorate, Judea and Samaria, Palestinian Territories","32.1908, 35.32328",District/Zone/Department (ADM2),Origin,,2025-08-12T07:24:40.069123Z,"Palestine: 22 displacements (destroyed housing), 30 June - 30 June. According to Office for the Coordination of Humanitarian Affairs (OCHA), a total of 22 people were displaced by housing demolition in Tell al Khashaba due to international armed conflict (iac) on 30 June.",https://demolition.ochaopt.org/login.aspx,Conflict
189507,Palestine,PSE,31.83469,35.266071,"[31.83469, 35.266071]",Recommended figure,Conflict,total,8,2025-06-25,2025-06-25,2025-06-25,2025,31145,Palestine: International armed conflict (IAC) - West Bank - 01/01/2025,,,2025-01-01,2025-12-31,,,,,,Office for the Coordination of Humanitarian Affairs (OCHA),https://demolition.ochaopt.org/login.aspx,"Hizma, West Bank, Palestinian Territories","31.83469, 35.266071",County/City/town/Village/Woreda (ADM3),Origin,,2025-08-12T06:58:30.553074Z,"Palestine: 8 displacements (destroyed housing), 25 June - 25 June. According to Office for the Coordination of Humanitarian Affairs (OCHA), a total of 8 people were displaced by housing demolition in Hizma due to international armed conflict (iac) on 25 June.",https://demolition.ochaopt.org/login.aspx,Conflict
189511,Palestine,PSE,31.806061,35.326118,"[31.806061, 35.326118]",Recommended figure,Conflict,total,2,2025-06-23,2025-06-23,2025-06-23,2025,31145,Palestine: International armed conflict (IAC) - West Bank - 01/01/2025,,,2025-01-01,2025-12-31,,,,,,Office for the Coordination of Humanitarian Affairs (OCHA),https://demolition.ochaopt.org/login.aspx,"Ramallah/Jerusalem, Ma'ale Adumim, West Bank, Palestinian Territories","31.806061, 35.326118",Point,Origin,,2025-08-12T07:06:45.843776Z,"Palestine: 2 displacements (destroyed housing), 23 June - 23 June. According to Office for the Coordination of Humanitarian Affairs (OCHA), a total of 2 people were displaced by housing demolition in Jabal al Mukabbir due to international armed conflict (iac) on 23 June.",https://demolition.ochaopt.org/login.aspx,Conflict
189509,Palestine,PSE,31.83042,35.20549,"[31.83042, 35.20549]",Recommended figure,Conflict,total,11,2025-06-20,2025-06-20,2025-06-20,2025,31145,Palestine: International armed conflict (IAC) - West Bank - 01/01/2025,,,2025-01-01,2025-12-31,,,,,,Office for the Coordination of Humanitarian Affairs (OCHA),https://demolition.ochaopt.org/login.aspx,"Beit Hanina Village, West Bank, Palestinian Territories","31.83042, 35.20549",County/City/town/Village/Woreda (ADM3),Origin,,2025-08-12T07:03:15.229021Z,"Palestine: 11 displacements (destroyed housing), 20 June - 20 June. A total of 11 people were displaced by housing demolition due to international armed conflict (iac) on 20 June in Beit Hanina, according to Office for the Coordination of Humanitarian Affairs (OCHA).",https://demolition.ochaopt.org/login.aspx,Conflict
188014,Palestine,PSE,31.43317,34.37793,"[31.43317, 34.37793]",Recommended figure,Conflict,total,4100,2025-06-24,2025-06-18,2025-06-24,2025,30896,Palestine:  International armed conflict (IAC) (Hostilities Gaza/Israel) - Gaza Strip - 01/01/2025,,,2025-01-01,2025-12-31,,,,,,Site Management Cluster - Palestine,https://www.cccmcluster.org/sites/default/files/2025-07/Population%20Movement%20Monitoring%20Flash-Update%2019%203.pdf,"Gaza Strip, Palestinian Territories","31.43317, 34.37793",Point,Origin,Displacement without preventive evacuations reported,2025-07-23T10:48:24.026684Z,"Palestine: 4,100 displacements, 18 June - 24 June. According to the Site Management Cluster - Palestine, a total of 4100 people were displaced in Gaza Strip, Palestinian Territories due to international armed conflict (iac) between 18 and 24 June.",https://www.cccmcluster.org/sites/default/files/2025-07/Population%20Movement%20Monitoring%20Flash-Update%2019%203.pdf,Conflict
189503,Palestine,PSE,32.1908,35.32328,"[32.1908, 35.32328]",Recommended figure,Conflict,total,8,2025-06-18,2025-06-18,2025-06-18,2025,31145,Palestine: International armed conflict (IAC) - West Bank - 01/01/2025,,,2025-01-01,2025-12-31,,,,,,Office for the Coordination of Humanitarian Affairs (OCHA),https://demolition.ochaopt.org/login.aspx,"Nablus Governorate, Judea and Samaria, Palestinian Territories","32.1908, 35.32328",District/Zone/Department (ADM2),Origin,,2025-08-12T06:48:31.618053Z,"Palestine: 8 displacements (destroyed housing), 18 June - 18 June. According to Office for the Coordination of Humanitarian Affairs (OCHA), a total of 8 people were displaced by housing demolition in Einabus due to international armed conflict (iac) on 18 June.",https://demolition.ochaopt.org/login.aspx,Conflict
189515,Palestine,PSE,31.506121,34.951591,"[31.506121, 34.951591]",Recommended figure,Conflict,total,11,2025-06-17,2025-06-17,2025-06-17,2025,31145,Palestine: International armed conflict (IAC) - West Bank - 01/01/2025,,,2025-01-01,2025-12-31,,,,,,Office for the Coordination of Humanitarian Affairs (OCHA),https://demolition.ochaopt.org/login.aspx,"Beit Awwa, Hebron Governorate, Judea and Samaria, Palestinian Territories","31.506121, 34.951591",County/City/town/Village/Woreda (ADM3),Origin,,2025-08-12T07:16:45.637408Z,"Palestine: 11 displacements (destroyed housing), 17 June - 17 June. According to Office for the Coordination of Humanitarian Affairs (OCHA), a total of 11 people were displaced by housing demolition in Beit Awwa due to international armed conflict (iac) on 17 June.",https://demolition.ochaopt.org/login.aspx,Conflict
189505,Palestine,PSE,31.806061,35.326118,"[31.806061, 35.326118]",Recommended figure,Conflict,total,5,2025-06-16,2025-06-16,2025-06-16,2025,31145,Palestine: International armed conflict (IAC) - West Bank - 01/01/2025,,,2025-01-01,2025-12-31,,,,,,Office for the Coordination of Humanitarian Affairs (OCHA),https://demolition.ochaopt.org/login.aspx,"Ramallah/Jerusalem, Ma'ale Adumim, West Bank, Palestinian Territories","31.806061, 35.326118",Point,Origin,,2025-08-12T06:53:14.295829Z,"Palestine: 5 displacements (destroyed housing), 16 June - 16 June. International armed conflict (iac) resulted in a total of 5 people being displaced by housing demolition in Jabal al Mukabbir on 16 June, according to Office for the Coordination of Humanitarian Affairs (OCHA).",https://demolition.ochaopt.org/login.aspx,Conflict
189520,Palestine,PSE,31.806061,35.326118,"[31.806061, 35.326118]",Recommended figure,Conflict,total,5,2025-06-16,2025-06-16,2025-06-16,2025,31145,Palestine: International armed conflict (IAC) - West Bank - 01/01/2025,,,2025-01-01,2025-12-31,,,,,,Office for the Coordination of Humanitarian Affairs (OCHA),https://demolition.ochaopt.org/login.aspx,"Ramallah/Jerusalem, Ma'ale Adumim, West Bank, Palestinian Territories","31.806061, 35.326118",Point,Origin,,2025-08-12T07:28:41.956030Z,"Palestine: 5 displacements (destroyed housing), 16 June - 16 June. A total of 5 people were displaced by housing demolition due to international armed conflict (iac) on 16 June in Sur Bahir according to Office for the Coordination of Humanitarian Affairs (OCHA).",https://demolition.ochaopt.org/login.aspx,Conflict
189517,Palestine,PSE,31.806061,35.326118,"[31.806061, 35.326118]",Recommended figure,Conflict,total,1,2025-06-15,2025-06-15,2025-06-15,2025,31145,Palestine: International armed conflict (IAC) - West Bank - 01/01/2025,,,2025-01-01,2025-12-31,,,,,,Office for the Coordination of Humanitarian Affairs (OCHA),https://demolition.ochaopt.org/login.aspx,"Ramallah/Jerusalem, Ma'ale Adumim, West Bank, Palestinian Territories","31.806061, 35.326118",Point,Origin,,2025-08-12T07:20:33.329051Z,"Palestine: 1 displacement (destroyed housing), 15 June - 15 June. International armed conflict (iac) resulted in a total of 1 person being displaced by housing demolition in At Tur on 15 June, according to Office for the Coordination of Humanitarian Affairs (OCHA).",https://demolition.ochaopt.org/login.aspx,Conflict
185346,Palestine,PSE,31.43317,34.37793,"[31.43317, 34.37793]",Recommended figure,Conflict,total,15311,2025-06-17,2025-06-12,2025-06-17,2025,30896,Palestine:  International armed conflict (IAC) (Hostilities Gaza/Israel) - Gaza Strip - 01/01/2025,,,2025-01-01,2025-12-31,,,,,,Site Management Cluster - Palestine,https://www.cccmcluster.org/sites/default/files/2025-06/Population%20Movement%20Monitoring%20Flash-Update%2018.pdf,"Gaza Strip,, Palestinian Territories","31.43317, 34.37793",Point,Origin,Displacement without preventive evacuations reported,2025-06-18T08:22:55.091978Z,"Palestine: 15,311 displacements, 12 June - 17 June. According to Shelter Cluster - Palestine, a total of 15311 people were displaced in the Gaza Strip, due to international armed conflict (iac) between 12 June and 17 June.",https://www.cccmcluster.org/sites/default/files/2025-06/Population%20Movement%20Monitoring%20Flash-Update%2018.pdf,Conflict
189501,Palestine,PSE,32.06628,35.083511,"[32.06628, 35.083511]",Recommended figure,Conflict,total,7,2025-06-10,2025-06-10,2025-06-10,2025,31145,Palestine: International armed conflict (IAC) - West Bank - 01/01/2025,,,2025-01-01,2025-12-31,,,,,,Office for the Coordination of Humanitarian Affairs (OCHA),https://demolition.ochaopt.org/login.aspx,"Kafr ad Dik, West Bank, Palestinian Territories","32.06628, 35.083511",County/City/town/Village/Woreda (ADM3),Origin,,2025-08-12T06:44:23.907315Z,"Palestine: 7 displacements (destroyed housing), 10 June - 10 June. According to Office for the Coordination of Humanitarian Affairs (OCHA), a total of 7 people were displaced by housing demolition in Kafr ad Dik due to international armed conflict (iac) on 10 June.",https://demolition.ochaopt.org/login.aspx,Conflict
184788,Palestine,PSE,31.43317,34.37793,"[31.43317, 34.37793]",Recommended figure,Conflict,total,24556,2025-06-11,2025-06-04,2025-06-11,2025,30896,Palestine:  International armed conflict (IAC) (Hostilities Gaza/Israel) - Gaza Strip - 01/01/2025,,,2025-01-01,2025-12-31,,,,,,Site Management Cluster - Palestine,https://www.cccmcluster.org/sites/default/files/2025-06/Population%20Movement%20Monitoring%20Flash-Update%2017%201.pdf,"Gaza Strip, Gaza Strip, Palestinian Territories","31.43317, 34.37793",Point,Origin,Displacement without preventive evacuations reported,2025-06-11T13:56:30.798439Z,"Palestine: 24,556 displacements, 04 June - 11 June. A total of 24556 people were displaced due to international armed conflict (iac) on between 4 June and 11 June in the Gaza Strip, according to Shelter Cluster - Palestine",https://www.cccmcluster.org/sites/default/files/2025-06/Population%20Movement%20Monitoring%20Flash-Update%2017%201.pdf,Conflict
189523,Palestine,PSE,31.806061,35.326118,"[31.806061, 35.326118]",Recommended figure,Conflict,total,9,2025-06-04,2025-06-04,2025-06-04,2025,31145,Palestine: International armed conflict (IAC) - West Bank - 01/01/2025,,,2025-01-01,2025-12-31,,,,,,Office for the Coordination of Humanitarian Affairs (OCHA),https://demolition.ochaopt.org/login.aspx,"Ramallah/Jerusalem, Ma'ale Adumim, West Bank, Palestinian Territories","31.806061, 35.326118",Point,Origin,,2025-08-12T07:38:59.937977Z,"Palestine: 9 displacements (destroyed housing), 04 June - 04 June. International armed conflict (iac) resulted in a total of 9 people being displaced by housing demolition in Silwan on 4 June, according to Office for the Coordination of Humanitarian Affairs (OCHA).",https://demolition.ochaopt.org/login.aspx,Conflict
189521,Palestine,PSE,31.806061,35.326118,"[31.806061, 35.326118]",Recommended figure,Conflict,total,7,2025-06-03,2025-06-03,2025-06-03,2025,31145,Palestine: International armed conflict (IAC) - West Bank - 01/01/2025,,,2025-01-01,2025-12-31,,,,,,Office for the Coordination of Humanitarian Affairs (OCHA),https://demolition.ochaopt.org/login.aspx,"Ramallah/Jerusalem, Ma'ale Adumim, West Bank, Palestinian Territories","31.806061, 35.326118",Point,Origin,,2025-08-12T07:35:11.008739Z,"Palestine: 7 displacements (destroyed housing), 03 June - 03 June. International armed conflict (iac) resulted in a total of 7 people being displaced by housing demolition in Jabal al Mukabbir on 3 June, according to Office for the Coordination of Humanitarian Affairs (OCHA).",https://demolition.ochaopt.org/login.aspx,Conflict
189513,Palestine,PSE,31.83042,35.20549,"[31.83042, 35.20549]",Recommended figure,Conflict,total,10,2025-06-02,2025-06-02,2025-06-02,2025,31145,Palestine: International armed conflict (IAC) - West Bank - 01/01/2025,,,2025-01-01,2025-12-31,,,,,,Office for the Coordination of Humanitarian Affairs (OCHA),https://demolition.ochaopt.org/login.aspx,"Beit Hanina Village, West Bank, Palestinian Territories","31.83042, 35.20549",County/City/town/Village/Woreda (ADM3),Origin,,2025-08-12T07:12:52.961264Z,"Palestine: 10 displacements (destroyed housing), 02 June - 02 June. International armed conflict (iac) resulted in a total of 10 people being displaced by housing demolition in Beit Hanina on 2 June, according to Office for the Coordination of Humanitarian Affairs (OCHA).",https://demolition.ochaopt.org/login.aspx,Conflict
189436,Palestine,PSE,32.227291,35.242561,"[32.227291, 35.242561]",Recommended figure,Conflict,total,11,2025-05-29,2025-05-29,2025-05-29,2025,31145,Palestine: International armed conflict (IAC) - West Bank - 01/01/2025,,,2025-01-01,2025-12-31,,,,,,Office for the Coordination of Humanitarian Affairs (OCHA),https://demolition.ochaopt.org/login.aspx,"Nablus, Nablus Governorate, Judea and Samaria, Palestinian Territories","32.227291, 35.242561",County/City/town/Village/Woreda (ADM3),Origin,,2025-08-09T21:34:58.840213Z,"Palestine: 11 displacements (destroyed housing), 29 May - 29 May. A total of 11 people were displaced by housing demolition due to international armed conflict (iac) on 29 May in Nablus, according to Office for the Coordination of Humanitarian Affairs (OCHA).",https://demolition.ochaopt.org/login.aspx,Conflict
184565,Palestine,PSE,31.43317,34.37793,"[31.43317, 34.37793]",Recommended figure,Conflict,total,7555,2025-06-03,2025-05-28,2025-06-03,2025,30896,Palestine:  International armed conflict (IAC) (Hostilities Gaza/Israel) - Gaza Strip - 01/01/2025,,,2025-01-01,2025-12-31,,,,,,Site Management Cluster - Palestine,https://www.cccmcluster.org/sites/default/files/2025-06/Population%20Movement%20Monitoring%20Flash-Update%2017%201.pdf,"Gaza Strip, Gaza Strip, Palestinian Territories","31.43317, 34.37793",Point,Origin,Displacement without preventive evacuations reported,2025-06-04T11:18:20.683882Z,"Palestine: 7,555 displacements, 28 May - 03 June. International armed conflict (iac) resulted in a total of 7555 people being displaced in the Gaza Strip, between 28 May and 3 June, according to the Site Management Cluster - Palestine",https://www.cccmcluster.org/sites/default/files/2025-06/Population%20Movement%20Monitoring%20Flash-Update%2017%201.pdf,Conflict
189422,Palestine,PSE,31.83042,35.20549,"[31.83042, 35.20549]",Recommended figure,Conflict,total,5,2025-05-28,2025-05-28,2025-05-28,2025,31145,Palestine: International armed conflict (IAC) - West Bank - 01/01/2025,,,2025-01-01,2025-12-31,,,,,,Office for the Coordination of Humanitarian Affairs (OCHA),https://demolition.ochaopt.org/login.aspx,"Beit Hanina Village, West Bank, Palestinian Territories","31.83042, 35.20549",County/City/town/Village/Woreda (ADM3),Origin,,2025-08-09T21:00:31.518715Z,"Palestine: 5 displacements (destroyed housing), 28 May - 28 May. According to Office for the Coordination of Humanitarian Affairs (OCHA), a total of 5 people were displaced by housing demolition in Beit Hanina due to international armed conflict (iac) on 28 May.",https://demolition.ochaopt.org/login.aspx,Conflict
189438,Palestine,PSE,31.505951,35.11739,"[31.505951, 35.11739]",Recommended figure,Conflict,total,6,2025-05-28,2025-05-28,2025-05-28,2025,31145,Palestine: International armed conflict (IAC) - West Bank - 01/01/2025,,,2025-01-01,2025-12-31,,,,,,Office for the Coordination of Humanitarian Affairs (OCHA),https://demolition.ochaopt.org/login.aspx,"Hebron Governorate, Judea and Samaria, Palestinian Territories","31.505951, 35.11739",District/Zone/Department (ADM2),Origin,,2025-08-09T21:44:08.283178Z,"Palestine: 6 displacements (destroyed housing), 28 May - 28 May. According to Office for the Coordination of Humanitarian Affairs (OCHA), a total of 6 people were displaced by hosuing demolition in Ar Rifa'iyya due to international armed conflict (iac) on 28 May.",https://demolition.ochaopt.org/login.aspx,Conflict
189408,Palestine,PSE,31.707121,35.206589,"[31.707121, 35.206589]",Recommended figure,Conflict,total,9,2025-05-26,2025-05-26,2025-05-26,2025,31145,Palestine: International armed conflict (IAC) - West Bank - 01/01/2025,,,2025-01-01,2025-12-31,,,,,,Office for the Coordination of Humanitarian Affairs (OCHA),https://demolition.ochaopt.org/login.aspx,"Bethlehem, West Bank, Palestinian Territories","31.707121, 35.206589",County/City/town/Village/Woreda (ADM3),Origin,,2025-08-09T07:03:45.625301Z,"Palestine: 9 displacements (destroyed housing), 26 May - 26 May. International armed conflict (iac) resulted in a total of 9 people being displaced by housing demolition in Khallet al Louza on 26 May, according to Office for the Coordination of Humanitarian Affairs (OCHA).",https://demolition.ochaopt.org/login.aspx,Conflict
184368,Palestine,PSE,31.43317,34.37793,"[31.43317, 34.37793]",Recommended figure,Conflict,total,22743,2025-05-27,2025-05-23,2025-05-27,2025,30896,Palestine:  International armed conflict (IAC) (Hostilities Gaza/Israel) - Gaza Strip - 01/01/2025,,,2025-01-01,2025-12-31,,,,,,Site Management Cluster - Palestine,https://www.cccmcluster.org/sites/default/files/2025-05/Population%20Movement%20Monitoring%20Flash-Update%2015.pdf,"Gaza Strip, Gaza Strip, Palestinian Territories","31.43317, 34.37793",Point,Origin,Displacement without preventive evacuations reported,2025-05-31T10:13:43.357892Z,"Palestine: 22,743 displacements, 23 May - 27 May. A total of 22743 people were displaced due to international armed conflict (iac) between 23 and 27 May in the Gaza Strip, according to the Site Management Cluster - Palestine",https://www.cccmcluster.org/sites/default/files/2025-05/Population%20Movement%20Monitoring%20Flash-Update%2015.pdf,Conflict
184141,Palestine,PSE,31.43317,34.37793,"[31.43317, 34.37793]",Recommended figure,Conflict,total,10871,2025-05-22,2025-05-22,2025-05-22,2025,30896,Palestine:  International armed conflict (IAC) (Hostilities Gaza/Israel) - Gaza Strip - 01/01/2025,,,2025-01-01,2025-12-31,,,,,,Site Management Cluster - Palestine,https://www.cccmcluster.org/sites/default/files/2025-05/Population%20Movement%20Monitoring%20%20Ad-Hoc%20Update%207-%2005222025.pdf,"Gaza Strip, Gaza Strip, Palestinian Territories","31.43317, 34.37793",Point,Origin,Displacement without preventive evacuations reported,2025-05-26T09:42:57.292879Z,"Palestine: 10,871 displacements, 22 May - 22 May. International armed conflict (iac) resulted in a total of 10871 people being displaced in Gaza Strip on 22 May, according to the Site Management Cluster - Palestine",https://www.cccmcluster.org/sites/default/files/2025-05/Population%20Movement%20Monitoring%20%20Ad-Hoc%20Update%207-%2005222025.pdf,Conflict
189430,Palestine,PSE,31.806061,35.326118,"[31.806061, 35.326118]",Recommended figure,Conflict,total,3,2025-05-22,2025-05-22,2025-05-22,2025,31145,Palestine: International armed conflict (IAC) - West Bank - 01/01/2025,,,2025-01-01,2025-12-31,,,,,,Office for the Coordination of Humanitarian Affairs (OCHA),https://demolition.ochaopt.org/login.aspx,"Ramallah/Jerusalem, Ma'ale Adumim, West Bank, Palestinian Territories","31.806061, 35.326118",Point,Origin,,2025-08-09T21:22:06.076447Z,"Palestine: 3 displacements (destroyed housing), 22 May - 22 May. According to Office for the Coordination of Humanitarian Affairs (OCHA), a total of 3 people were displaced by housing demolition in Silwan due to international armed conflict (iac) on 22 May.",https://demolition.ochaopt.org/login.aspx,Conflict
189416,Palestine,PSE,32.204571,35.115089,"[32.204571, 35.115089]",Recommended figure,Conflict,total,9,2025-05-22,2025-05-22,2025-05-22,2025,31145,Palestine: International armed conflict (IAC) - West Bank - 01/01/2025,,,2025-01-01,2025-12-31,,,,,,Office for the Coordination of Humanitarian Affairs (OCHA),https://demolition.ochaopt.org/login.aspx,"Baqat Al Hatab, West Bank, Palestinian Territories","32.204571, 35.115089",County/City/town/Village/Woreda (ADM3),Origin,,2025-08-09T20:45:12.283398Z,"Palestine: 9 displacements (destroyed housing), 22 May - 22 May. International armed conflict (iac) resulted in a total of 9 people being displaced by housing demolition in Baqat Al Hatab on 22 May, according to Office for the Coordination of Humanitarian Affairs (OCHA).",https://demolition.ochaopt.org/login.aspx,Conflict
184140,Palestine,PSE,31.43317,34.37793,"[31.43317, 34.37793]",Recommended figure,Conflict,total,22548,2025-05-21,2025-05-21,2025-05-21,2025,30896,Palestine:  International armed conflict (IAC) (Hostilities Gaza/Israel) - Gaza Strip - 01/01/2025,,,2025-01-01,2025-12-31,,,,,,Site Management Cluster - Palestine,https://www.cccmcluster.org/sites/default/files/2025-05/Population%20Movement%20Monitoring%20%20Ad-Hoc%20Update%20-%2005212025.pdf,"Gaza Strip, Gaza Strip, Palestinian Territories","31.43317, 34.37793",Point,Origin,Displacement without preventive evacuations reported,2025-05-26T09:38:09.819255Z,"Palestine: 22,548 displacements, 21 May - 21 May. International armed conflict (iac) resulted in a total of 22548 people being displaced in Gaza on 21 May, according to the Site Management Cluster - Palestine",https://www.cccmcluster.org/sites/default/files/2025-05/Population%20Movement%20Monitoring%20%20Ad-Hoc%20Update%20-%2005212025.pdf,Conflict
184139,Palestine,PSE,31.43317,34.37793,"[31.43317, 34.37793]",Recommended figure,Conflict,total,41734,2025-05-20,2025-05-20,2025-05-20,2025,30896,Palestine:  International armed conflict (IAC) (Hostilities Gaza/Israel) - Gaza Strip - 01/01/2025,,,2025-01-01,2025-12-31,,,,,,Site Management Cluster - Palestine,https://www.cccmcluster.org/sites/default/files/2025-05/Population%20Movement%20Monitoring%20%20Ad-Hoc%20Update%20-%2005192025.pdf,"Gaza Strip, Gaza Strip, Palestinian Territories","31.43317, 34.37793",Point,Origin,Displacement without preventive evacuations reported,2025-05-26T09:33:56.878240Z,"Palestine: 41,734 displacements, 20 May - 20 May. International armed conflict (iac) resulted in a total of 41734 people being displaced in Gaza Strip on 20 May, according to the Site Management Cluster- Palestine",https://www.cccmcluster.org/sites/default/files/2025-05/Population%20Movement%20Monitoring%20%20Ad-Hoc%20Update%20-%2005192025.pdf,Conflict
184138,Palestine,PSE,31.43317,34.37793,"[31.43317, 34.37793]",Recommended figure,Conflict,total,33681,2025-05-19,2025-05-19,2025-05-19,2025,30896,Palestine:  International armed conflict (IAC) (Hostilities Gaza/Israel) - Gaza Strip - 01/01/2025,,,2025-01-01,2025-12-31,,,,,,Site Management Cluster - Palestine,https://www.cccmcluster.org/sites/default/files/2025-05/Population%20Movement%20Monitoring%20%20Ad-Hoc%20Update%20-%2005192025%20%281%29%20%281%29.pdf,"Gaza Strip, Gaza Strip, Palestinian Territories","31.43317, 34.37793",Point,Origin,Displacement without preventive evacuations reported,2025-05-26T09:30:09.258742Z,"Palestine: 33,681 displacements, 19 May - 19 May. International armed conflict (iac) resulted in a total of 33681 people being displaced in the Gaza Strip, on 19 May, according to the Site Management Cluster - Palestine.",https://www.cccmcluster.org/sites/default/files/2025-05/Population%20Movement%20Monitoring%20%20Ad-Hoc%20Update%20-%2005192025%20%281%29%20%281%29.pdf,Conflict
189425,Palestine,PSE,31.806061,35.326118,"[31.806061, 35.326118]",Recommended figure,Conflict,total,3,2025-05-19,2025-05-19,2025-05-19,2025,31145,Palestine: International armed conflict (IAC) - West Bank - 01/01/2025,,,2025-01-01,2025-12-31,,,,,,Office for the Coordination of Humanitarian Affairs (OCHA),https://demolition.ochaopt.org/login.aspx,"Ramallah/Jerusalem, Ma'ale Adumim, West Bank, Palestinian Territories","31.806061, 35.326118",Point,Origin,,2025-08-09T21:11:11.610575Z,"Palestine: 3 displacements (destroyed housing), 19 May - 19 May. International armed conflict (iac) resulted in a total of 3 people being displaced by housing demolition in Az Za'ayyem Bedouins on 19 May, according to Office for the Coordination of Humanitarian Affairs (OCHA).",https://demolition.ochaopt.org/login.aspx,Conflict
189434,Palestine,PSE,32.07196,35.098782,"[32.07196, 35.098782]",Recommended figure,Conflict,total,16,2025-05-19,2025-05-19,2025-05-19,2025,31145,Palestine: International armed conflict (IAC) - West Bank - 01/01/2025,,,2025-01-01,2025-12-31,,,,,,Office for the Coordination of Humanitarian Affairs (OCHA),https://demolition.ochaopt.org/login.aspx,"Bruqin, West Bank, Palestinian Territories","32.07196, 35.098782",County/City/town/Village/Woreda (ADM3),Origin,,2025-08-09T21:29:42.436740Z,"Palestine: 16 displacements (destroyed housing), 19 May - 19 May. International armed conflict (iac) resulted in a total of 16 people being displaced by housing demolition in Bruqin on 19 May, according to Office for the Coordination of Humanitarian Affairs (OCHA).",https://demolition.ochaopt.org/login.aspx,Conflict
184137,Palestine,PSE,31.43317,34.37793,"[31.43317, 34.37793]",Recommended figure,Conflict,total,29178,2025-05-18,2025-05-18,2025-05-18,2025,30896,Palestine:  International armed conflict (IAC) (Hostilities Gaza/Israel) - Gaza Strip - 01/01/2025,,,2025-01-01,2025-12-31,,,,,,Site Management Cluster - Palestine,https://www.cccmcluster.org/sites/default/files/2025-05/Population%20Movement%20Monitoring%20%20Ad-Hoc%20Update%20-%2005182025.pdf,"Gaza Strip,  Gaza Strip, Palestinian Territories","31.43317, 34.37793",Point,Origin,Displacement without preventive evacuations reported,2025-05-26T09:26:05.608139Z,"Palestine: 29,178 displacements, 18 May - 18 May. According to clusters and consortias, a total of 29178 people were displaced in the Gaza Strip, Gaza Strip due to international armed conflict (iac) on 18 May",https://www.cccmcluster.org/sites/default/files/2025-05/Population%20Movement%20Monitoring%20%20Ad-Hoc%20Update%20-%2005182025.pdf,Conflict
189410,Palestine,PSE,31.806061,35.326118,"[31.806061, 35.326118]",Recommended figure,Conflict,total,5,2025-05-18,2025-05-18,2025-05-18,2025,31145,Palestine: International armed conflict (IAC) - West Bank - 01/01/2025,,,2025-01-01,2025-12-31,,,,,,Office for the Coordination of Humanitarian Affairs (OCHA),https://demolition.ochaopt.org/login.aspx,"Ramallah/Jerusalem, Ma'ale Adumim, West Bank, Palestinian Territories","31.806061, 35.326118",Point,Origin,,2025-08-09T07:07:52.306494Z,"Palestine: 5 displacements (destroyed housing), 18 May - 18 May. According to Office for the Coordination of Humanitarian Affairs (OCHA), a total of 5 people were displaced by housing demolition in Wadi al Joz due to international armed conflict (iac) on 18 May.",https://demolition.ochaopt.org/login.aspx,Conflict
183893,Palestine,PSE,31.43317,34.37793,"[31.43317, 34.37793]",Recommended figure,Conflict,total,15215,2025-05-17,2025-05-15,2025-05-17,2025,30896,Palestine:  International armed conflict (IAC) (Hostilities Gaza/Israel) - Gaza Strip - 01/01/2025,,,2025-01-01,2025-12-31,,,,,,Site Management Cluster - Palestine,https://reliefweb.int/report/occupied-palestinian-territory/gaza-population-movement-monitoring-flash-update-15-17-may-2025-ad-hoc-report,"Gaza Strip, Gaza Strip, Palestinian Territories","31.43317, 34.37793",State/Region/Province (ADM1),Origin,Displacement without preventive evacuations reported,2025-05-19T13:26:46.027191Z,"Palestine: 15,215 displacements, 15 May - 17 May. International armed conflict (iac) resulted in a total of 15,215 people being displaced in the Gaza Strip, between May 16 and May 17, according to the Site Management Cluster - Palestine",https://reliefweb.int/report/occupied-palestinian-territory/gaza-population-movement-monitoring-flash-update-15-17-may-2025-ad-hoc-report,Conflict
189401,Palestine,PSE,32.282749,35.384781,"[32.282749, 35.384781]",Recommended figure,Conflict,total,6,2025-05-15,2025-05-15,2025-05-15,2025,31145,Palestine: International armed conflict (IAC) - West Bank - 01/01/2025,,,2025-01-01,2025-12-31,,,,,,Office for the Coordination of Humanitarian Affairs (OCHA),https://demolition.ochaopt.org/login.aspx,"Tammun, West Bank, Palestinian Territories","32.282749, 35.384781",County/City/town/Village/Woreda (ADM3),Origin,,2025-08-09T06:09:59.399065Z,"Palestine: 6 displacements (destroyed housing), 15 May - 15 May. According to Office for the Coordination of Humanitarian Affairs (OCHA), a total of 6 people were displaced by housing demolition in Tammun, due to international armed conflict (iac) on 15 May.",https://demolition.ochaopt.org/login.aspx,Conflict
184132,Palestine,PSE,31.43317,34.37793,"[31.43317, 34.37793]",Recommended figure,Conflict,total,20700,2025-05-16,2025-05-14,2025-05-16,2025,30896,Palestine:  International armed conflict (IAC) (Hostilities Gaza/Israel) - Gaza Strip - 01/01/2025,,,2025-01-01,2025-12-31,,,,,,Site Management Cluster - Palestine,https://www.cccmcluster.org/sites/default/files/2025-05/Population%20Movement%20Monitoring%20-%20Ad-hoc%20Update%201.pdf,"Gaza Strip, Gaza Strip, Palestinian Territories","31.43317, 34.37793",Point,Origin,Displacement without preventive evacuations reported,2025-05-26T08:36:00.288604Z,"Palestine: 20,700 displacements, 14 May - 16 May. International armed conflict (iac) resulted in a total of 20700 people being displaced in the Gaza Strip between 14 - 16 May, according to the Site Management Cluster- Palestine",https://www.cccmcluster.org/sites/default/files/2025-05/Population%20Movement%20Monitoring%20-%20Ad-hoc%20Update%201.pdf,Conflict
189404,Palestine,PSE,31.806061,35.326118,"[31.806061, 35.326118]",Recommended figure,Conflict,total,9,2025-05-14,2025-05-14,2025-05-14,2025,31145,Palestine: International armed conflict (IAC) - West Bank - 01/01/2025,,,2025-01-01,2025-12-31,,,,,,Office for the Coordination of Humanitarian Affairs (OCHA),https://demolition.ochaopt.org/login.aspx,"Ramallah/Jerusalem, Ma'ale Adumim, West Bank, Palestinian Territories","31.806061, 35.326118",Point,Origin,,2025-08-09T06:55:00.941642Z,"Palestine: 9 displacements (destroyed housing), 14 May - 14 May. A total of 9 people were displaced by housing demolition due to international armed conflict (iac) on 14 May in Umm Tuba, according to Office for the Coordination of Humanitarian Affairs (OCHA).",https://demolition.ochaopt.org/login.aspx,Conflict
189412,Palestine,PSE,31.806061,35.326118,"[31.806061, 35.326118]",Recommended figure,Conflict,total,8,2025-05-14,2025-05-14,2025-05-14,2025,31145,Palestine: International armed conflict (IAC) - West Bank - 01/01/2025,,,2025-01-01,2025-12-31,,,,,,Office for the Coordination of Humanitarian Affairs (OCHA),https://demolition.ochaopt.org/login.aspx,"Ramallah/Jerusalem, Ma'ale Adumim, West Bank, Palestinian Territories","31.806061, 35.326118",Point,Origin,,2025-08-09T20:33:40.484886Z,"Palestine: 8 displacements (destroyed housing), 14 May - 14 May. According to Office for the Coordination of Humanitarian Affairs (OCHA), a total of 8 people were displaced by housing demolition in Ramallah/Jerusalem due to international armed conflict (iac) on 14 May.",https://demolition.ochaopt.org/login.aspx,Conflict
189420,Palestine,PSE,31.98653,35.039051,"[31.98653, 35.039051]",Recommended figure,Conflict,total,1,2025-05-14,2025-05-14,2025-05-14,2025,31145,Palestine: International armed conflict (IAC) - West Bank - 01/01/2025,,,2025-01-01,2025-12-31,,,,,,Office for the Coordination of Humanitarian Affairs (OCHA),https://demolition.ochaopt.org/login.aspx,"Shuqba, West Bank, Palestinian Territories","31.98653, 35.039051",County/City/town/Village/Woreda (ADM3),Origin,,2025-08-09T20:57:19.332265Z,"Palestine: 1 displacement (destroyed housing), 14 May - 14 May. According to Office for the Coordination of Humanitarian Affairs (OCHA), a total of 1 person was displaced due to housing demolition in Shuqba, due to international armed conflict (iac) on 14 May.",https://demolition.ochaopt.org/login.aspx,Conflict
189440,Palestine,PSE,31.526369,35.009129,"[31.526369, 35.009129]",Recommended figure,Conflict,total,7,2025-05-12,2025-05-12,2025-05-12,2025,31145,Palestine: International armed conflict (IAC) - West Bank - 01/01/2025,,,2025-01-01,2025-12-31,,,,,,Office for the Coordination of Humanitarian Affairs (OCHA),https://demolition.ochaopt.org/login.aspx,"Suba - Dura, Hebron Governorate, Judea and Samaria, Palestinian Territories","31.526369, 35.009129",Point,Origin,,2025-08-09T21:44:08.404512Z,"Palestine: 7 displacements (destroyed housing), 12 May - 12 May. According to Office for the Coordination of Humanitarian Affairs (OCHA), a total of 7 people were displaced by housing demolition in Suba due to international armed conflict (iac) on 12 May.",https://demolition.ochaopt.org/login.aspx,Conflict
189423,Palestine,PSE,31.816669,35.291229,"[31.816669, 35.291229]",Recommended figure,Conflict,total,5,2025-05-10,2025-05-10,2025-05-10,2025,31145,Palestine: International armed conflict (IAC) - West Bank - 01/01/2025,,,2025-01-01,2025-12-31,,,,,,Office for the Coordination of Humanitarian Affairs (OCHA),https://demolition.ochaopt.org/login.aspx,"Ramallah/Jerusalem, West Bank, Palestinian Territories","31.816669, 35.291229",Point,Origin,,2025-08-09T21:06:45.935564Z,"Palestine: 5 displacements (destroyed housing), 10 May - 10 May. According to Office for the Coordination of Humanitarian Affairs (OCHA), a total of 5 people were displaced by housing demolition in Ras al 'Amud due to international armed conflict (iac) on 10 May.",https://demolition.ochaopt.org/login.aspx,Conflict
189419,Palestine,PSE,32.227291,35.242561,"[32.227291, 35.242561]",Recommended figure,Conflict,total,5,2025-05-08,2025-05-08,2025-05-08,2025,31145,Palestine: International armed conflict (IAC) - West Bank - 01/01/2025,,,2025-01-01,2025-12-31,,,,,,Office for the Coordination of Humanitarian Affairs (OCHA),https://demolition.ochaopt.org/login.aspx,"Nablus, Nablus Governorate, Judea and Samaria, Palestinian Territories","32.227291, 35.242561",County/City/town/Village/Woreda (ADM3),Origin,,2025-08-09T20:53:37.106534Z,"Palestine: 5 displacements (destroyed housing), 08 May - 08 May. According to Office for the Coordination of Humanitarian Affairs (OCHA), a total of 5 people were displaced by housing demolition in Nablus, due to international armed conflict (iac) on 8 May.",https://demolition.ochaopt.org/login.aspx,Conflict
183849,Palestine,PSE,31.43317,34.37793,"[31.43317, 34.37793]",Recommended figure,Conflict,total,7083,2025-05-13,2025-05-07,2025-05-13,2025,30896,Palestine:  International armed conflict (IAC) (Hostilities Gaza/Israel) - Gaza Strip - 01/01/2025,,,2025-01-01,2025-12-31,,,,,,Site Management Cluster - Palestine,https://reliefweb.int/report/occupied-palestinian-territory/gaza-population-movement-monitoring-flash-update-06-13-may-2025-update-14,"Gaza Strip, Deir al-Balah Governorate, Gaza Strip, Palestinian Territories","31.43317, 34.37793",Point,Origin,Displacement without preventive evacuations reported,2025-05-16T10:26:07.504617Z,"Palestine: 7,083 displacements, 07 May - 13 May. According to the Site Management Cluster - Palestine, a total of 7083 people were displaced in Gaza Strip, Palestinian Territories due to international armed conflict (iac) between 7 May and 13 May.",https://reliefweb.int/report/occupied-palestinian-territory/gaza-population-movement-monitoring-flash-update-06-13-may-2025-update-14,Conflict
189429,Palestine,PSE,31.806061,35.326118,"[31.806061, 35.326118]",Recommended figure,Conflict,total,2,2025-05-07,2025-05-07,2025-05-07,2025,31145,Palestine: International armed conflict (IAC) - West Bank - 01/01/2025,,,2025-01-01,2025-12-31,,,,,,Office for the Coordination of Humanitarian Affairs (OCHA),https://demolition.ochaopt.org/login.aspx,"Ramallah/Jerusalem, Ma'ale Adumim, West Bank, Palestinian Territories","31.806061, 35.326118",Point,Origin,,2025-08-09T21:22:06.011083Z,"Palestine: 2 displacements (destroyed housing), 07 May - 07 May. A total of 2 people were displaced by housing demolition due to international armed conflict (iac) on 7 May in Silwan, according to Office for the Coordination of Humanitarian Affairs (OCHA).",https://demolition.ochaopt.org/login.aspx,Conflict
189427,Palestine,PSE,31.83042,35.20549,"[31.83042, 35.20549]",Recommended figure,Conflict,total,11,2025-05-07,2025-05-07,2025-05-07,2025,31145,Palestine: International armed conflict (IAC) - West Bank - 01/01/2025,,,2025-01-01,2025-12-31,,,,,,Office for the Coordination of Humanitarian Affairs (OCHA),https://demolition.ochaopt.org/login.aspx,"Beit Hanina Village, West Bank, Palestinian Territories","31.83042, 35.20549",County/City/town/Village/Woreda (ADM3),Origin,,2025-08-09T21:14:40.106382Z,"Palestine: 11 displacements (destroyed housing), 07 May - 07 May. According to Office for the Coordination of Humanitarian Affairs (OCHA), a total of 11 people were displaced by housing demolition in Beit Hanina due to international armed conflict (iac) on 7 May.",https://demolition.ochaopt.org/login.aspx,Conflict
189403,Palestine,PSE,32.180759,35.066608,"[32.180759, 35.066608]",Recommended figure,Conflict,total,8,2025-05-06,2025-05-06,2025-05-06,2025,31145,Palestine: International armed conflict (IAC) - West Bank - 01/01/2025,,,2025-01-01,2025-12-31,,,,,,Office for the Coordination of Humanitarian Affairs (OCHA),https://demolition.ochaopt.org/login.aspx,"Qalqilya Governorate, Judea and Samaria, Palestinian Territories","32.180759, 35.066608",District/Zone/Department (ADM2),Origin,,2025-08-09T06:14:39.207837Z,"Palestine: 8 displacements (destroyed housing), 06 May - 06 May. International armed conflict (iac) resulted in a total of 8 people being displaced by housing demolition in Al Funduq on 6 May, according to Office for the Coordination of Humanitarian Affairs (OCHA).",https://demolition.ochaopt.org/login.aspx,Conflict
189414,Palestine,PSE,31.505951,35.11739,"[31.505951, 35.11739]",Recommended figure,Conflict,total,49,2025-05-05,2025-05-05,2025-05-05,2025,31145,Palestine: International armed conflict (IAC) - West Bank - 01/01/2025,,,2025-01-01,2025-12-31,,,,,,Office for the Coordination of Humanitarian Affairs (OCHA),https://demolition.ochaopt.org/login.aspx,"Hebron Governorate, Judea and Samaria, Palestinian Territories","31.505951, 35.11739",District/Zone/Department (ADM2),Origin,,2025-08-09T20:40:33.291619Z,"Palestine: 49 displacements (destroyed housing), 05 May - 05 May. A total of 49 people were displaced by housing demolition due to international armed conflict (iac) on 5 May in Khallet Athaba', according to Office for the Coordination of Humanitarian Affairs (OCHA).",https://demolition.ochaopt.org/login.aspx,Conflict
189417,Palestine,PSE,32.30817,35.388741,"[32.30817, 35.388741]",Recommended figure,Conflict,total,7,2025-05-05,2025-05-05,2025-05-05,2025,31145,Palestine: International armed conflict (IAC) - West Bank - 01/01/2025,,,2025-01-01,2025-12-31,,,,,,Office for the Coordination of Humanitarian Affairs (OCHA),https://demolition.ochaopt.org/login.aspx,"Ad-Deir, Tubas Governorate, Judea and Samaria, Palestinian Territories","32.30817, 35.388741",Point,Origin,,2025-08-09T20:49:54.384259Z,"Palestine: 7 displacements (destroyed housing), 05 May - 05 May. A total of 7 people were displaced by housing demolition due to international armed conflict (iac) on 5 May in Ad-Deir, according to Office for the Coordination of Humanitarian Affairs (OCHA).",https://demolition.ochaopt.org/login.aspx,Conflict
189406,Palestine,PSE,32.01981,35.34623,"[32.01981, 35.34623]",Recommended figure,Conflict,total,6,2025-05-05,2025-05-05,2025-05-05,2025,31145,Palestine: International armed conflict (IAC) - West Bank - 01/01/2025,,,2025-01-01,2025-12-31,,,,,,Office for the Coordination of Humanitarian Affairs (OCHA),https://demolition.ochaopt.org/login.aspx,"al Mughayyir, West Bank, Palestinian Territories","32.01981, 35.34623",County/City/town/Village/Woreda (ADM3),Origin,,2025-08-09T06:59:22.635711Z,"Palestine: 6 displacements (destroyed housing), 05 May - 05 May. According to Office for the Coordination of Humanitarian Affairs (OCHA), a total of 6 people were displaced by housing demolition in al Mughayyir, due to international armed conflict (iac) on 5 May.",https://demolition.ochaopt.org/login.aspx,Conflict
189432,Palestine,PSE,31.806061,35.326118,"[31.806061, 35.326118]",Recommended figure,Conflict,total,4,2025-05-01,2025-05-01,2025-05-01,2025,31145,Palestine: International armed conflict (IAC) - West Bank - 01/01/2025,,,2025-01-01,2025-12-31,,,,,,Office for the Coordination of Humanitarian Affairs (OCHA),https://demolition.ochaopt.org/login.aspx,"Ramallah/Jerusalem, Ma'ale Adumim, West Bank, Palestinian Territories","31.806061, 35.326118",Point,Origin,,2025-08-09T21:26:27.067052Z,"Palestine: 4 displacements (destroyed housing), 01 May - 01 May. A total of 4 people were displaced by housing demolition due to international armed conflict (iac) on 1 May in Al 'Isawiya, according to Office for the Coordination of Humanitarian Affairs (OCHA).",https://demolition.ochaopt.org/login.aspx,Conflict
183406,Palestine,PSE,31.43317,34.37793,"[31.43317, 34.37793]",Recommended figure,Conflict,total,5418,2025-05-06,2025-04-30,2025-05-06,2025,30896,Palestine:  International armed conflict (IAC) (Hostilities Gaza/Israel) - Gaza Strip - 01/01/2025,,,2025-01-01,2025-12-31,,,,,,Site Management Cluster - Palestine,https://reliefweb.int/report/occupied-palestinian-territory/gaza-population-movement-monitoring-flash-update-29-april-06-may-2025-update-13,"Gaza Strip, Palestinian Territories","31.43317, 34.37793",Point,Origin,Displacement without preventive evacuations reported,2025-05-07T13:23:48.982620Z,"Palestine: 5,418 displacements, 30 April - 06 May. According to the Site Management Cluster - Palestine, a total of 5418 people were displaced in Gaza Strip, Palestinian Territories due to international armed conflict (iac) between 30 April and 6 May.",https://reliefweb.int/report/occupied-palestinian-territory/gaza-population-movement-monitoring-flash-update-29-april-06-may-2025-update-13,Conflict
189280,Palestine,PSE,31.97743,35.011169,"[31.97743, 35.011169]",Recommended figure,Conflict,total,17,2025-04-29,2025-04-29,2025-04-29,2025,31145,Palestine: International armed conflict (IAC) - West Bank - 01/01/2025,,,2025-01-01,2025-12-31,,,,,,Office for the Coordination of Humanitarian Affairs (OCHA),https://demolition.ochaopt.org/login.aspx,"Qibya, West Bank, Palestinian Territories","31.97743, 35.011169",County/City/town/Village/Woreda (ADM3),Origin,,2025-08-08T03:52:51.423587Z,"Palestine: 17 displacements (destroyed housing), 29 April - 29 April. International armed conflict (iac) resulted in a total of 17 people being displaced by housing demolition in Qibya on 29 April, according to Office for the Coordination of Humanitarian Affairs (OCHA).",https://demolition.ochaopt.org/login.aspx,Conflict
189389,Palestine,PSE,31.505951,35.11739,"[31.505951, 35.11739]",Recommended figure,Conflict,total,21,2025-04-29,2025-04-29,2025-04-29,2025,31145,Palestine: International armed conflict (IAC) - West Bank - 01/01/2025,,,2025-01-01,2025-12-31,,,,,,Office for the Coordination of Humanitarian Affairs (OCHA),https://demolition.ochaopt.org/login.aspx,"Hebron Governorate, Judea and Samaria, Palestinian Territories","31.505951, 35.11739",District/Zone/Department (ADM2),Origin,,2025-08-09T05:00:44.366082Z,"Palestine: 21 displacements (destroyed housing), 29 April - 29 April. A total of 21 people were displaced by housing demolition due to international armed conflict (iac) on 29 April in Al Kaabneh -Om Adaraj (Alzoyedeen), according to Office for the Coordination of Humanitarian Affairs (OCHA).",https://demolition.ochaopt.org/login.aspx,Conflict
189291,Palestine,PSE,31.557989,34.97628,"[31.557989, 34.97628]",Recommended figure,Conflict,total,4,2025-04-28,2025-04-28,2025-04-28,2025,31145,Palestine: International armed conflict (IAC) - West Bank - 01/01/2025,,,2025-01-01,2025-12-31,,,,,,Office for the Coordination of Humanitarian Affairs (OCHA),https://demolition.ochaopt.org/login.aspx,"Idhna, Hebron Governorate, Judea and Samaria, Palestinian Territories","31.557989, 34.97628",County/City/town/Village/Woreda (ADM3),Origin,,2025-08-08T05:06:12.700554Z,"Palestine: 4 displacements (destroyed housing), 28 April - 28 April. International armed conflict (iac) resulted in a total of 4 people being displaced by housing demolition in Idhna on 28 April, according to Office for the Coordination of Humanitarian Affairs (OCHA).",https://demolition.ochaopt.org/login.aspx,Conflict
189276,Palestine,PSE,31.806061,35.326118,"[31.806061, 35.326118]",Recommended figure,Conflict,total,6,2025-04-28,2025-04-28,2025-04-28,2025,31145,Palestine: International armed conflict (IAC) - West Bank - 01/01/2025,,,2025-01-01,2025-12-31,,,,,,Office for the Coordination of Humanitarian Affairs (OCHA),https://demolition.ochaopt.org/login.aspx,"Ramallah/Jerusalem, Ma'ale Adumim, West Bank, Palestinian Territories","31.806061, 35.326118",Point,Origin,,2025-08-07T21:25:39.390257Z,"Palestine: 6 displacements (destroyed housing), 28 April - 28 April. International armed conflict (iac) resulted in a total of 6 people being displaced by housing demolition in Ras al 'Amud on 28 April, according to Office for the Coordination of Humanitarian Affairs (OCHA).",https://demolition.ochaopt.org/login.aspx,Conflict
183405,Palestine,PSE,31.43317,34.37793,"[31.43317, 34.37793]",Recommended figure,Conflict,total,2611,2025-04-29,2025-04-23,2025-04-29,2025,30896,Palestine:  International armed conflict (IAC) (Hostilities Gaza/Israel) - Gaza Strip - 01/01/2025,,,2025-01-01,2025-12-31,,,,,,Site Management Cluster - Palestine,https://reliefweb.int/report/occupied-palestinian-territory/population-movement-monitoring-flash-update-april-22-29-2025-update-12,"Gaza Strip, Palestinian Territories","31.43317, 34.37793",State/Region/Province (ADM1),Origin,Displacement without preventive evacuations reported,2025-05-07T13:18:02.500760Z,"Palestine: 2,611 displacements, 23 April - 29 April. International armed conflict (iac) resulted in a total of 2611 people being displaced in Gaza Strip, Palestinian Territories on between 23 April and 19 April, according to the Site Management Cluster -Palestine.",https://reliefweb.int/report/occupied-palestinian-territory/population-movement-monitoring-flash-update-april-22-29-2025-update-12,Conflict
189380,Palestine,PSE,31.806061,35.326118,"[31.806061, 35.326118]",Recommended figure,Conflict,total,4,2025-04-23,2025-04-23,2025-04-23,2025,31145,Palestine: International armed conflict (IAC) - West Bank - 01/01/2025,,,2025-01-01,2025-12-31,,,,,,Office for the Coordination of Humanitarian Affairs (OCHA),https://demolition.ochaopt.org/login.aspx,"Ramallah/Jerusalem, Ma'ale Adumim, West Bank, Palestinian Territories","31.806061, 35.326118",Point,Origin,,2025-08-08T20:19:30.097186Z,"Palestine: 4 displacements (destroyed housing), 23 April - 23 April. International armed conflict (iac) resulted in a total of 4 people being displaced by housing demolition in Silwan, on 23 April, according to Office for the Coordination of Humanitarian Affairs (OCHA).",https://demolition.ochaopt.org/login.aspx,Conflict
189374,Palestine,PSE,32.10281,35.2243,"[32.10281, 35.2243]",Recommended figure,Conflict,total,6,2025-04-22,2025-04-22,2025-04-22,2025,31145,Palestine: International armed conflict (IAC) - West Bank - 01/01/2025,,,2025-01-01,2025-12-31,,,,,,Office for the Coordination of Humanitarian Affairs (OCHA),https://demolition.ochaopt.org/login.aspx,"Iskaka, West Bank, Palestinian Territories","32.10281, 35.2243",County/City/town/Village/Woreda (ADM3),Origin,,2025-08-08T20:02:23.740578Z,"Palestine: 6 displacements (destroyed housing), 22 April - 22 April. International armed conflict (iac) resulted in a total of 6 people being displaced by housing demolition in Iskaka on 22 April, according to Office for the Coordination of Humanitarian Affairs (OCHA).",https://demolition.ochaopt.org/login.aspx,Conflict
189372,Palestine,PSE,31.505951,35.11739,"[31.505951, 35.11739]",Recommended figure,Conflict,total,12,2025-04-22,2025-04-22,2025-04-22,2025,31145,Palestine: International armed conflict (IAC) - West Bank - 01/01/2025,,,2025-01-01,2025-12-31,,,,,,Office for the Coordination of Humanitarian Affairs (OCHA),https://demolition.ochaopt.org/login.aspx,"Hebron Governorate, Judea and Samaria, Palestinian Territories","31.505951, 35.11739",District/Zone/Department (ADM2),Origin,,2025-08-08T19:58:19.417679Z,"Palestine: 12 displacements (destroyed housing), 22 April - 22 April. According to Office for the Coordination of Humanitarian Affairs (OCHA), a total of 12 people were displaced by housing demolition in Ar Rakeez due to international armed conflict (iac) on 22 April.",https://demolition.ochaopt.org/login.aspx,Conflict
189295,Palestine,PSE,31.806061,35.326118,"[31.806061, 35.326118]",Recommended figure,Conflict,total,2,2025-04-22,2025-04-22,2025-04-22,2025,31145,Palestine: International armed conflict (IAC) - West Bank - 01/01/2025,,,2025-01-01,2025-12-31,,,,,,Office for the Coordination of Humanitarian Affairs (OCHA),https://demolition.ochaopt.org/login.aspx,"Ramallah/Jerusalem, Ma'ale Adumim, West Bank, Palestinian Territories","31.806061, 35.326118",Point,Origin,,2025-08-08T05:19:35.254297Z,"Palestine: 2 displacements (destroyed housing), 22 April - 22 April. A total of 2 people were displaced due to destroyed housing due to international armed conflict (iac) on 22 April in Ar Ram & Dahiyat al Bareed, according to Office for the Coordination of Humanitarian Affairs (OCHA).",https://demolition.ochaopt.org/login.aspx,Conflict
189287,Palestine,PSE,31.94561,35.022221,"[31.94561, 35.022221]",Recommended figure,Conflict,total,18,2025-04-21,2025-04-21,2025-04-21,2025,31145,Palestine: International armed conflict (IAC) - West Bank - 01/01/2025,,,2025-01-01,2025-12-31,,,,,,Office for the Coordination of Humanitarian Affairs (OCHA),https://demolition.ochaopt.org/login.aspx,"Ni'lin, West Bank, Palestinian Territories","31.94561, 35.022221",County/City/town/Village/Woreda (ADM3),Origin,,2025-08-08T05:00:07.904019Z,"Palestine: 18 displacements (destroyed housing), 21 April - 21 April. International armed conflict (iac) resulted in a total of 18 people being displaced by housing demolition in Ni'lin on 21 April, according to Office for the Coordination of Humanitarian Affairs (OCHA).",https://demolition.ochaopt.org/login.aspx,Conflict
183234,Palestine,PSE,31.46242,34.27496,"[31.46242, 34.27496]",Recommended figure,Conflict,total,1590,2025-04-22,2025-04-16,2025-04-22,2025,30896,Palestine:  International armed conflict (IAC) (Hostilities Gaza/Israel) - Gaza Strip - 01/01/2025,,,2025-01-01,2025-12-31,,,,,,Site Management Cluster - Palestine,https://reliefweb.int/report/occupied-palestinian-territory/population-movement-monitoring-flash-update-april-15-22-2025-update-11,"Gaza Strip, Palestinian Territories","31.46242, 34.27496",District/Zone/Department (ADM2),Origin,Displacement without preventive evacuations reported,2025-04-30T14:28:18.139160Z,"Palestine: 1,590 displacements, 16 April - 22 April. According to the Site Management Cluster - Palestine, a total of 1590 people were displaced in the Gaza Strip, due to international armed conflict (iac) between 16 April and 22 April.",https://reliefweb.int/report/occupied-palestinian-territory/population-movement-monitoring-flash-update-april-15-22-2025-update-11,Conflict
189393,Palestine,PSE,31.806061,35.326118,"[31.806061, 35.326118]",Recommended figure,Conflict,total,3,2025-04-14,2025-04-14,2025-04-14,2025,31145,Palestine: International armed conflict (IAC) - West Bank - 01/01/2025,,,2025-01-01,2025-12-31,,,,,,Office for the Coordination of Humanitarian Affairs (OCHA),https://demolition.ochaopt.org/login.aspx,"Ramallah/Jerusalem, Ma'ale Adumim, West Bank, Palestinian Territories","31.806061, 35.326118",Point,Origin,,2025-08-09T05:09:06.747044Z,"Palestine: 3 displacements (destroyed housing), 14 April - 14 April. A total of 3 people were displaced by housing demolition due to international armed conflict (iac) on 14 April in Al 'Isawiya, according to Office for the Coordination of Humanitarian Affairs (OCHA).",https://demolition.ochaopt.org/login.aspx,Conflict
182588,Palestine,PSE,31.43317,34.37793,"[31.43317, 34.37793]",Recommended figure,Conflict,total,17521,2025-04-15,2025-04-10,2025-04-15,2025,30896,Palestine:  International armed conflict (IAC) (Hostilities Gaza/Israel) - Gaza Strip - 01/01/2025,,,2025-01-01,2025-12-31,,,,,,Site Management Cluster - Palestine,https://reliefweb.int/report/occupied-palestinian-territory/population-movement-monitoring-flash-update-april-09-15-2025-update-10,"Gaza Strip,, Gaza Strip, Palestinian Territories","31.43317, 34.37793",Point,Origin,Displacement without preventive evacuations reported,2025-04-17T09:05:31.256666Z,"Palestine: 17,521 displacements, 10 April - 15 April. According to the Site Management Cluster - Palestine, a total of 17,521 people were displaced in the Gaza Strip, due to international armed conflict (iac) between 10 April and 15 April",https://reliefweb.int/report/occupied-palestinian-territory/population-movement-monitoring-flash-update-april-09-15-2025-update-10,Conflict
189282,Palestine,PSE,31.505951,35.11739,"[31.505951, 35.11739]",Recommended figure,Conflict,total,7,2025-04-10,2025-04-10,2025-04-10,2025,31145,Palestine: International armed conflict (IAC) - West Bank - 01/01/2025,,,2025-01-01,2025-12-31,,,,,,Office for the Coordination of Humanitarian Affairs (OCHA),https://demolition.ochaopt.org/login.aspx,"Hebron Governorate, Judea and Samaria, Palestinian Territories","31.505951, 35.11739",District/Zone/Department (ADM2),Origin,,2025-08-08T03:52:51.541301Z,"Palestine: 7 displacements (destroyed housing), 10 April - 10 April. A total of 7 people were displaced by housing demolition due to international armed conflict (iac) on 10 April in Ar Rihiya, according to Office for the Coordination of Humanitarian Affairs (OCHA).",https://demolition.ochaopt.org/login.aspx,Conflict
189302,Palestine,PSE,32.27467,35.08371,"[32.27467, 35.08371]",Recommended figure,Conflict,total,2,2025-04-10,2025-04-10,2025-04-10,2025,31145,Palestine: International armed conflict (IAC) - West Bank - 01/01/2025,,,2025-01-01,2025-12-31,,,,,,Office for the Coordination of Humanitarian Affairs (OCHA),https://demolition.ochaopt.org/login.aspx,"Shufa, West Bank, Palestinian Territories","32.27467, 35.08371",County/City/town/Village/Woreda (ADM3),Origin,,2025-08-08T05:43:00.796104Z,"Palestine: 2 displacements (destroyed housing), 10 April - 10 April. A total of 2 people were displaced by housing demolition due to international armed conflict (iac) on 10 April in Shufa, according to Office for the Coordination of Humanitarian Affairs (OCHA).",https://demolition.ochaopt.org/login.aspx,Conflict
189289,Palestine,PSE,32.31115,35.02755,"[32.31115, 35.02755]",Recommended figure,Conflict,total,2,2025-04-10,2025-04-10,2025-04-10,2025,31145,Palestine: International armed conflict (IAC) - West Bank - 01/01/2025,,,2025-01-01,2025-12-31,,,,,,Office for the Coordination of Humanitarian Affairs (OCHA),https://demolition.ochaopt.org/login.aspx,"Tulkarm, Tulkarm Governorate, Judea and Samaria, Palestinian Territories","32.31115, 35.02755",County/City/town/Village/Woreda (ADM3),Origin,,2025-08-08T05:00:08.002118Z,"Palestine: 2 displacements (destroyed housing), 10 April - 10 April. According to Office for the Coordination of Humanitarian Affairs (OCHA), a total of 2 people were displaced by housing demolition in Tulkarm due to international armed conflict (iac) on 10 April.",https://demolition.ochaopt.org/login.aspx,Conflict
182794,Palestine,PSE,31.707121,35.206589,"[31.707121, 35.206589]",Recommended figure,Conflict,total,32,2025-04-09,2025-04-09,2025-04-09,2025,31118,Palestine: Communal violence - Bethlehem - 09/04/2025,,,2025-04-09,2025-04-09,,,,,,Office for the Coordination of Humanitarian Affairs (OCHA),https://reliefweb.int/report/occupied-palestinian-territory/humanitarian-situation-update-281-west-bank-enar,"Bethlehem, West Bank, Palestinian Territories","31.707121, 35.206589",County/City/town/Village/Woreda (ADM3),Origin,Displacement without preventive evacuations reported,2025-04-23T11:49:29.779554Z,"Palestine: 32 displacements, 09 April - 09 April. Communal violence resulted in a total of 32 people being displaced in Bethlehem, West Bank, Palestinian Territories on 9 April, according to Office for the Coordination of Humanitarian Affairs (OCHA).",https://reliefweb.int/report/occupied-palestinian-territory/humanitarian-situation-update-281-west-bank-enar,Conflict
189286,Palestine,PSE,31.806061,35.326118,"[31.806061, 35.326118]",Recommended figure,Conflict,total,8,2025-04-09,2025-04-09,2025-04-09,2025,31145,Palestine: International armed conflict (IAC) - West Bank - 01/01/2025,,,2025-01-01,2025-12-31,,,,,,Office for the Coordination of Humanitarian Affairs (OCHA),https://demolition.ochaopt.org/login.aspx,"Ramallah/Jerusalem, Ma'ale Adumim, West Bank, Palestinian Territories","31.806061, 35.326118",Point,Origin,,2025-08-08T04:03:28.399966Z,"Palestine: 8 displacements (destroyed housing), 09 April - 09 April. According to Office for the Coordination of Humanitarian Affairs (OCHA), a total of 8 people were displaced by housing demolition in Beit Safafa due to international armed conflict (iac) on 9 April.",https://demolition.ochaopt.org/login.aspx,Conflict
189376,Palestine,PSE,31.916759,35.122238,"[31.916759, 35.122238]",Recommended figure,Conflict,total,5,2025-04-09,2025-04-09,2025-04-09,2025,31145,Palestine: International armed conflict (IAC) - West Bank - 01/01/2025,,,2025-01-01,2025-12-31,,,,,,Office for the Coordination of Humanitarian Affairs (OCHA),https://demolition.ochaopt.org/login.aspx,"Deir Ibzi, West Bank, Palestinian Territories","31.916759, 35.122238",County/City/town/Village/Woreda (ADM3),Origin,,2025-08-08T20:09:17.276005Z,"Palestine: 5 displacements (destroyed housing), 09 April - 09 April. A total of 5 people were displaced by housing demolition due to international armed conflict (iac) on 9 April in Deir Ibzi, according to Office for the Coordination of Humanitarian Affairs (OCHA).",https://demolition.ochaopt.org/login.aspx,Conflict
189299,Palestine,PSE,32.07196,35.098782,"[32.07196, 35.098782]",Recommended figure,Conflict,total,16,2025-04-08,2025-04-08,2025-04-08,2025,31145,Palestine: International armed conflict (IAC) - West Bank - 01/01/2025,,,2025-01-01,2025-12-31,,,,,,Office for the Coordination of Humanitarian Affairs (OCHA),https://demolition.ochaopt.org/login.aspx,"Bruqin, West Bank, Palestinian Territories","32.07196, 35.098782",County/City/town/Village/Woreda (ADM3),Origin,,2025-08-08T05:35:38.395026Z,"Palestine: 16 displacements (destroyed housing), 08 April - 08 April. According to Office for the Coordination of Humanitarian Affairs (OCHA), a total of 16 people were displaced by housing demolition in Bruqin, due to international armed conflict (iac) on 8 April.",https://demolition.ochaopt.org/login.aspx,Conflict
189378,Palestine,PSE,32.227291,35.242561,"[32.227291, 35.242561]",Recommended figure,Conflict,total,9,2025-04-08,2025-04-08,2025-04-08,2025,31145,Palestine: International armed conflict (IAC) - West Bank - 01/01/2025,,,2025-01-01,2025-12-31,,,,,,Office for the Coordination of Humanitarian Affairs (OCHA),https://demolition.ochaopt.org/login.aspx,"Nablus, Nablus Governorate, Judea and Samaria, Palestinian Territories","32.227291, 35.242561",County/City/town/Village/Woreda (ADM3),Origin,,2025-08-08T20:09:17.389109Z,"Palestine: 9 displacements (destroyed housing), 08 April - 08 April. According to Office for the Coordination of Humanitarian Affairs (OCHA), a total of 9 people were displaced by housing demolition in Nablus, due to international armed conflict (iac) on 8 April.",https://demolition.ochaopt.org/login.aspx,Conflict
189383,Palestine,PSE,31.399111,35.066959,"[31.399111, 35.066959]",Recommended figure,Conflict,total,7,2025-04-08,2025-04-08,2025-04-08,2025,31145,Palestine: International armed conflict (IAC) - West Bank - 01/01/2025,,,2025-01-01,2025-12-31,,,,,,Office for the Coordination of Humanitarian Affairs (OCHA),https://demolition.ochaopt.org/login.aspx,"As Samu', Hebron Governorate, Judea and Samaria, Palestinian Territories","31.399111, 35.066959",County/City/town/Village/Woreda (ADM3),Origin,,2025-08-09T04:42:19.830642Z,"Palestine: 7 displacements (destroyed housing), 08 April - 08 April. According to Office for the Coordination of Humanitarian Affairs (OCHA), a total of 7 people were displaced by housing demolition in As Samu', due to international armed conflict (iac) on 8 April.",https://demolition.ochaopt.org/login.aspx,Conflict
189387,Palestine,PSE,32.227291,35.242561,"[32.227291, 35.242561]",Recommended figure,Conflict,total,10,2025-04-08,2025-04-08,2025-04-08,2025,31145,Palestine: International armed conflict (IAC) - West Bank - 01/01/2025,,,2025-01-01,2025-12-31,,,,,,Office for the Coordination of Humanitarian Affairs (OCHA),https://demolition.ochaopt.org/login.aspx,"Nablus, Nablus Governorate, Judea and Samaria, Palestinian Territories","32.227291, 35.242561",County/City/town/Village/Woreda (ADM3),Origin,,2025-08-09T04:50:25.327445Z,"Palestine: 10 displacements (destroyed housing), 08 April - 08 April. A total of 10 people were displaced by housing demolition due to international armed conflict (iac) on 8 April in Nablus, according to Office for the Coordination of Humanitarian Affairs (OCHA).",https://demolition.ochaopt.org/login.aspx,Conflict
189391,Palestine,PSE,31.707121,35.206589,"[31.707121, 35.206589]",Recommended figure,Conflict,total,2,2025-04-08,2025-04-08,2025-04-08,2025,31145,Palestine: International armed conflict (IAC) - West Bank - 01/01/2025,,,2025-01-01,2025-12-31,,,,,,Office for the Coordination of Humanitarian Affairs (OCHA),https://demolition.ochaopt.org/login.aspx,"Bethlehem, West Bank, Palestinian Territories","31.707121, 35.206589",County/City/town/Village/Woreda (ADM3),Origin,,2025-08-09T05:05:29.071259Z,"Palestine: 2 displacements (destroyed housing), 08 April - 08 April. According to Office for the Coordination of Humanitarian Affairs (OCHA), a total of 2 people were displaced by housing demolition in Wadi Fukin, due to international armed conflict (iac) on 8 April.",https://demolition.ochaopt.org/login.aspx,Conflict
182203,Palestine,PSE,31.43317,34.37793,"[31.43317, 34.37793]",Recommended figure,Conflict,total,11743,2025-04-09,2025-04-07,2025-04-09,2025,30896,Palestine:  International armed conflict (IAC) (Hostilities Gaza/Israel) - Gaza Strip - 01/01/2025,,,2025-01-01,2025-12-31,,,,,,Site Management Cluster - Palestine,https://reliefweb.int/report/occupied-palestinian-territory/population-movement-monitoring-flash-update-april-06-09-2025-update-9,"Gaza Strip,  Gaza Strip, Palestinian Territories","31.43317, 34.37793",Point,Origin,Displacement without preventive evacuations reported,2025-04-11T12:11:11.998894Z,"Palestine: 11,743 displacements, 07 April - 09 April. According to the Site Management Cluster - Palestine, a total of 11,743 people were displaced in the Gaza Strip, due to international armed conflict (iac) between 7 April and 9 April",https://reliefweb.int/report/occupied-palestinian-territory/population-movement-monitoring-flash-update-april-06-09-2025-update-9,Conflict
189382,Palestine,PSE,32.286011,35.023369,"[32.286011, 35.023369]",Recommended figure,Conflict,total,6,2025-04-07,2025-04-07,2025-04-07,2025,31145,Palestine: International armed conflict (IAC) - West Bank - 01/01/2025,,,2025-01-01,2025-12-31,,,,,,Office for the Coordination of Humanitarian Affairs (OCHA),https://demolition.ochaopt.org/login.aspx,"Far'un, West Bank, Palestinian Territories","32.286011, 35.023369",County/City/town/Village/Woreda (ADM3),Origin,,2025-08-09T04:42:19.760851Z,"Palestine: 6 displacements (destroyed housing), 07 April - 07 April. International armed conflict (iac) resulted in a total of 6 people being displaced by housing demolition in Far'un, on 7 April, according to Office for the Coordination of Humanitarian Affairs (OCHA).",https://demolition.ochaopt.org/login.aspx,Conflict
182800,Palestine,PSE,32.447129333333336,35.27217366666667,"[32.447129333333336, 35.27217366666667]",Recommended figure,Conflict,approximately,1923,2025-04-12,2025-04-06,2025-04-12,2025,31145,Palestine: International armed conflict (IAC) - West Bank - 01/01/2025,,,2025-01-01,2025-12-31,,,,,,Local Authorities; Office for the Coordination of Humanitarian Affairs (OCHA),https://reliefweb.int/report/occupied-palestinian-territory/humanitarian-situation-update-281-west-bank-enar,"Al-Hadaf, Jenin Governorate, Judea and Samaria, Palestinian Territories; Al-Jabriat, Jenin Governorate, Judea and Samaria, Palestinian Territories; Jenin Governorate, Judea and Samaria, Palestinian Territories","32.462318, 35.278709; 32.452888, 35.282452; 32.426182, 35.25536",Point; Point; District/Zone/Department (ADM2),Origin; Origin; Origin,Displacement without preventive evacuations reported,2025-04-23T12:51:28.683071Z,"Palestine: 1,923 displacements, 06 April - 12 April. A total of 380 households were displaced due to international armed conflict (iac) on 6 April in Hadaf, Jabriyat, and Khallet Souha neighbourhoods in Jenin Governorate according to Office for the Coordination of Humanitarian Affairs (OCHA) and local authorities.",https://reliefweb.int/report/occupied-palestinian-territory/humanitarian-situation-update-281-west-bank-enar,Conflict
189293,Palestine,PSE,32.294868,35.440121,"[32.294868, 35.440121]",Recommended figure,Conflict,total,33,2025-04-06,2025-04-06,2025-04-06,2025,31145,Palestine: International armed conflict (IAC) - West Bank - 01/01/2025,,,2025-01-01,2025-12-31,,,,,,Office for the Coordination of Humanitarian Affairs (OCHA),https://demolition.ochaopt.org/login.aspx,"Tubas Governorate, Judea and Samaria, Palestinian Territories","32.294868, 35.440121",District/Zone/Department (ADM2),Origin,,2025-08-08T05:13:07.824788Z,"Palestine: 33 displacements (destroyed housing), 06 April - 06 April. International armed conflict (iac) resulted in a total of 33 people being displaced by housing demolition in Khirbet ar Ras al Ahmar on 6 April, according to Office for the Coordination of Humanitarian Affairs (OCHA).",https://demolition.ochaopt.org/login.aspx,Conflict
182202,Palestine,PSE,31.43317,34.37793,"[31.43317, 34.37793]",Recommended figure,Conflict,total,109843,2025-04-06,2025-04-03,2025-04-06,2025,30896,Palestine:  International armed conflict (IAC) (Hostilities Gaza/Israel) - Gaza Strip - 01/01/2025,,,2025-01-01,2025-12-31,,,,,,Site Management Cluster - Palestine,https://reliefweb.int/report/occupied-palestinian-territory/population-movement-monitoring-flash-update-april-02-06-2025-update-8,"Gaza Strip, Deir al-Balah Governorate, Gaza Strip, Palestinian Territories","31.43317, 34.37793",State/Region/Province (ADM1),Origin,Displacement without preventive evacuations reported,2025-04-11T12:08:21.891381Z,"Palestine: 109,843 displacements, 03 April - 06 April. International armed conflict (iac) resulted in a total of 109,843 people being displaced in the Gaza Strip between 3 April and April 6, according to the Site Management Cluster - Palestine.",https://reliefweb.int/report/occupied-palestinian-territory/population-movement-monitoring-flash-update-april-02-06-2025-update-8,Conflict
189284,Palestine,PSE,31.707121,35.206589,"[31.707121, 35.206589]",Recommended figure,Conflict,total,26,2025-04-03,2025-04-03,2025-04-03,2025,31145,Palestine: International armed conflict (IAC) - West Bank - 01/01/2025,,,2025-01-01,2025-12-31,,,,,,Office for the Coordination of Humanitarian Affairs (OCHA),https://demolition.ochaopt.org/login.aspx,"Bethlehem, West Bank, Palestinian Territories","31.707121, 35.206589",County/City/town/Village/Woreda (ADM3),Origin,,2025-08-08T04:03:28.241303Z,"Palestine: 26 displacements (destroyed housing), 03 April - 03 April. A total of 26 people were displaced by housing demolition due to international armed conflict (iac) on 3 April in Al Khadr, according to Office for the Coordination of Humanitarian Affairs (OCHA).",https://demolition.ochaopt.org/login.aspx,Conflict
189385,Palestine,PSE,31.806061,35.326118,"[31.806061, 35.326118]",Recommended figure,Conflict,total,11,2025-04-03,2025-04-03,2025-04-03,2025,31145,Palestine: International armed conflict (IAC) - West Bank - 01/01/2025,,,2025-01-01,2025-12-31,,,,,,Office for the Coordination of Humanitarian Affairs (OCHA),https://demolition.ochaopt.org/login.aspx,"Ramallah/Jerusalem, Ma'ale Adumim, West Bank, Palestinian Territories","31.806061, 35.326118",Point,Origin,,2025-08-09T04:46:35.489349Z,"Palestine: 11 displacements (destroyed housing), 03 April - 03 April. According to Office for the Coordination of Humanitarian Affairs (OCHA), a total of 11 people were displaced by housing demolition in Ras al 'Amud due to international armed conflict (iac) on 3 April.",https://demolition.ochaopt.org/login.aspx,Conflict
189301,Palestine,PSE,31.857321,35.253841,"[31.857321, 35.253841]",Recommended figure,Conflict,total,14,2025-04-03,2025-04-03,2025-04-03,2025,31145,Palestine: International armed conflict (IAC) - West Bank - 01/01/2025,,,2025-01-01,2025-12-31,,,,,,Office for the Coordination of Humanitarian Affairs (OCHA),https://demolition.ochaopt.org/login.aspx,"Jaba', West Bank, Palestinian Territories","31.857321, 35.253841",County/City/town/Village/Woreda (ADM3),Origin,,2025-08-08T05:38:17.550260Z,"Palestine: 14 displacements (destroyed housing), 03 April - 03 April. A total of 14 people were displaced by housing demolition due to international armed conflict (iac) on 3 April in Jaba', West Bank, Palestinian Territories, according to Office for the Coordination of Humanitarian Affairs (OCHA).",https://demolition.ochaopt.org/login.aspx,Conflict
189278,Palestine,PSE,31.806061,35.326118,"[31.806061, 35.326118]",Recommended figure,Conflict,total,11,2025-04-03,2025-04-03,2025-04-03,2025,31145,Palestine: International armed conflict (IAC) - West Bank - 01/01/2025,,,2025-01-01,2025-12-31,,,,,,Office for the Coordination of Humanitarian Affairs (OCHA),https://demolition.ochaopt.org/login.aspx,"Ramallah/Jerusalem, Ma'ale Adumim, West Bank, Palestinian Territories","31.806061, 35.326118",Point,Origin,,2025-08-07T21:34:44.966290Z,"Palestine: 11 displacements (destroyed housing), 03 April - 03 April. A total of 11 people were displaced by housing demolition due to international armed conflict (iac) on 3 April in Abu Shusheh Bedouins according to Office for the Coordination of Humanitarian Affairs (OCHA).",https://demolition.ochaopt.org/login.aspx,Conflict
189388,Palestine,PSE,31.806061,35.326118,"[31.806061, 35.326118]",Recommended figure,Conflict,total,28,2025-04-02,2025-04-02,2025-04-02,2025,31145,Palestine: International armed conflict (IAC) - West Bank - 01/01/2025,,,2025-01-01,2025-12-31,,,,,,Office for the Coordination of Humanitarian Affairs (OCHA),https://demolition.ochaopt.org/login.aspx,"Ramallah/Jerusalem, Ma'ale Adumim, West Bank, Palestinian Territories","31.806061, 35.326118",Point,Origin,,2025-08-09T04:54:52.574950Z,"Palestine: 28 displacements (destroyed housing), 02 April - 02 April. According to Office for the Coordination of Humanitarian Affairs (OCHA), a total of 28 people were displaced by housing demolition in North 'Anata Bedouins due to international armed conflict (iac) on 2 April.",https://demolition.ochaopt.org/login.aspx,Conflict
189297,Palestine,PSE,31.806061,35.326118,"[31.806061, 35.326118]",Recommended figure,Conflict,total,4,2025-04-02,2025-04-02,2025-04-02,2025,31145,Palestine: International armed conflict (IAC) - West Bank - 01/01/2025,,,2025-01-01,2025-12-31,,,,,,Office for the Coordination of Humanitarian Affairs (OCHA),https://demolition.ochaopt.org/login.aspx,"Ramallah/Jerusalem, Ma'ale Adumim, West Bank, Palestinian Territories","31.806061, 35.326118",Point,Origin,,2025-08-08T05:32:36.161848Z,"Palestine: 4 displacements (destroyed housing), 02 April - 02 April. A total of 4 people were displaced by housing demolition due to international armed conflict (iac) on 2 April in Fheidat, according to Office for the Coordination of Humanitarian Affairs (OCHA).",https://demolition.ochaopt.org/login.aspx,Conflict
182801,Palestine,PSE,32.3227615,35.0702555,"[32.3227615, 35.0702555]",Recommended figure,Conflict,total,253,2025-04-17,2025-04-01,2025-04-17,2025,31145,Palestine: International armed conflict (IAC) - West Bank - 01/01/2025,,,2025-01-01,2025-12-31,,,,,,Local Authorities; Office for the Coordination of Humanitarian Affairs (OCHA),https://reliefweb.int/report/occupied-palestinian-territory/humanitarian-situation-update-281-west-bank-enar,"Nur Shams Refugee camp, Tulkarm Governorate, Judea and Samaria, Palestinian Territories; Tulkarm Governorate, Judea and Samaria, Palestinian Territories","32.318062, 35.056252; 32.327461, 35.084259",County/City/town/Village/Woreda (ADM3); District/Zone/Department (ADM2),Origin; Origin,Displacement without preventive evacuations reported,2025-04-23T13:17:41.398746Z,"Palestine: 253 displacements, 01 April - 17 April. According to Office for the Coordination of Humanitarian Affairs (OCHA) and local authority, a total of 50 households were displaced in Tulkarm Governorate, and, Nur Shams Refugee camp, due to international armed conflict (iac) between 1 April and 17 April.",https://reliefweb.int/report/occupied-palestinian-territory/humanitarian-situation-update-281-west-bank-enar,Conflict
182040,Palestine,PSE,31.43317,34.37793,"[31.43317, 34.37793]",Recommended figure,Conflict,total,96710,2025-04-02,2025-03-28,2025-04-02,2025,30896,Palestine:  International armed conflict (IAC) (Hostilities Gaza/Israel) - Gaza Strip - 01/01/2025,,,2025-01-01,2025-12-31,,,,,,Site Management Cluster - Palestine,https://reliefweb.int/report/occupied-palestinian-territory/population-movement-monitoring-flash-update-30-march-02-april-2025-update-7,"Gaza Strip, Gaza Strip, Palestinian Territories","31.43317, 34.37793",Point,Origin,Displacement without preventive evacuations reported,2025-04-06T20:50:21.368823Z,"Palestine: 96,710 displacements, 28 March - 02 April. According to clusters and consortias, a total of 138195 people were displaced in the Gaza Strip due to international armed conflict (iac) between 24 March and April 2",https://reliefweb.int/report/occupied-palestinian-territory/population-movement-monitoring-flash-update-30-march-02-april-2025-update-7,Conflict
